"","Reporter","ReporterISO","Partner","PartnerISO","Year","ttl_val"
"1","Albania","ALB","World","WLD",1997,629026304
"2","Albania","ALB","World","WLD",1997,137681008
"3","Algeria","DZA","World","WLD",1997,8688356352
"4","Algeria","DZA","World","WLD",1997,13894123520
"5","Andorra","AND","World","WLD",1997,1061291648
"6","Andorra","AND","World","WLD",1997,48000384
"7","Argentina","ARG","World","WLD",1997,30349402112
"8","Argentina","ARG","World","WLD",1997,26430820352
"9","Australia","AUS","World","WLD",1997,61833388139
"10","Australia","AUS","World","WLD",1997,62816517159
"11","Australia","AUS","World","WLD",1997,2975459308
"12","Austria","AUT","World","WLD",1997,63630995456
"13","Austria","AUT","World","WLD",1997,56713719808
"14","Bahamas","BHS","World","WLD",1997,1621739008
"15","Bahamas","BHS","World","WLD",1997,181385696
"16","Bahamas","BHS","World","WLD",1997,79387184
"17","Armenia","ARM","World","WLD",1997,754439680
"18","Armenia","ARM","World","WLD",1997,215273552
"19","Belgium-Luxembourg","BEL","World","WLD",1997,159458607104
"20","Belgium-Luxembourg","BEL","World","WLD",1997,172699795456
"21","Bolivia (Plurinational State of)","BOL","World","WLD",1997,1909178240
"22","Bolivia (Plurinational State of)","BOL","World","WLD",1997,1272097664
"23","Brazil","BRA","World","WLD",1997,65074597888
"24","Brazil","BRA","World","WLD",1997,52985810944
"25","Bulgaria","BGR","World","WLD",1997,4931953664
"26","Bulgaria","BGR","World","WLD",1997,4939664384
"27","Canada","CAN","World","WLD",1997,197010906689
"28","Canada","CAN","World","WLD",1997,216037338607
"29","Cabo Verde","CPV","World","WLD",1997,260961152
"30","Cabo Verde","CPV","World","WLD",1997,81534016
"31","Cabo Verde","CPV","World","WLD",1997,67572000
"32","Central African Rep.","CAF","World","WLD",1997,106862248
"33","Central African Rep.","CAF","World","WLD",1997,98583168
"34","Chile","CHL","World","WLD",1997,18110803968
"35","Chile","CHL","World","WLD",1997,16678189056
"36","China","CHN","World","WLD",1997,142370324066
"37","China","CHN","World","WLD",1997,182791584798
"38","Colombia","COL","World","WLD",1997,15378803712
"39","Colombia","COL","World","WLD",1997,11549019136
"40","Costa Rica","CRI","World","WLD",1997,4510893568
"41","Costa Rica","CRI","World","WLD",1997,3892947968
"42","Croatia","HRV","World","WLD",1997,9122318336
"43","Croatia","HRV","World","WLD",1997,4340856320
"44","Cyprus","CYP","World","WLD",1997,3698056448
"45","Cyprus","CYP","World","WLD",1997,1250107776
"46","Cyprus","CYP","World","WLD",1997,821009024
"47","Czechia","CZE","World","WLD",1997,27183540224
"48","Denmark","DNK","World","WLD",1997,44492341248
"49","Ecuador","ECU","World","WLD",1997,4510621184
"50","El Salvador","SLV","World","WLD",1997,2961483008
"51","Estonia","EST","World","WLD",1997,4437264896
"52","Estonia","EST","World","WLD",1997,2935698944
"53","Faeroe Isds","FRO","World","WLD",1997,350133024
"54","Faeroe Isds","FRO","World","WLD",1997,383610688
"55","Finland","FIN","World","WLD",1997,31001018368
"56","Finland","FIN","World","WLD",1997,40980000768
"57","France","FRA","World","WLD",1997,266575347712
"58","France","FRA","World","WLD",1997,283345616896
"59","French Polynesia","PYF","World","WLD",1997,935016960
"60","French Polynesia","PYF","World","WLD",1997,221642624
"61","Gabon","GAB","World","WLD",1997,986852282
"62","Gabon","GAB","World","WLD",1997,2631111668
"63","Gambia","GMB","World","WLD",1997,256046064
"64","Gambia","GMB","World","WLD",1997,8648743
"65","Gambia","GMB","World","WLD",1997,3084603
"66","Germany","DEU","World","WLD",1997,445495672832
"67","Germany","DEU","World","WLD",1997,512440270848
"68","Greece","GRC","World","WLD",1997,26970617856
"69","Greece","GRC","World","WLD",1997,11166989312
"70","Greenland","GRL","World","WLD",1997,374071104
"71","Greenland","GRL","World","WLD",1997,285208064
"72","Guatemala","GTM","World","WLD",1997,3851918336
"73","Guatemala","GTM","World","WLD",1997,2344078592
"74","Guyana","GUY","World","WLD",1997,602336000
"75","Guyana","GUY","World","WLD",1997,536224000
"76","Haiti","HTI","World","WLD",1997,60664344
"77","Honduras","HND","World","WLD",1997,2147369856
"78","Honduras","HND","World","WLD",1997,1445698432
"79","China, Hong Kong SAR","HKG","World","WLD",1997,213299999865
"80","China, Hong Kong SAR","HKG","World","WLD",1997,188201260754
"81","China, Hong Kong SAR","HKG","World","WLD",1997,160893836246
"82","Hungary","HUN","World","WLD",1997,21234012160
"83","Hungary","HUN","World","WLD",1997,19099193344
"84","Iceland","ISL","World","WLD",1997,2019473792
"85","Iceland","ISL","World","WLD",1997,1851417344
"86","Indonesia","IDN","World","WLD",1997,41679745024
"87","Indonesia","IDN","World","WLD",1997,53443579904
"88","Iran","IRN","World","WLD",1997,14180701642
"89","Iran","IRN","World","WLD",1997,18425255702
"90","Ireland","IRL","World","WLD",1997,39232667648
"91","Ireland","IRL","World","WLD",1997,53619650560
"92","Israel","ISR","World","WLD",1997,29022651000
"93","Israel","ISR","World","WLD",1997,22502976000
"94","Italy","ITA","World","WLD",1997,208317104128
"95","Italy","ITA","World","WLD",1997,238265778176
"96","Japan","JPN","World","WLD",1997,338842341435
"97","Japan","JPN","World","WLD",1997,421052867749
"98","Kenya","KEN","World","WLD",1997,3278425088
"99","Kenya","KEN","World","WLD",1997,1959424512
"100","Rep. of Korea","KOR","World","WLD",1997,144614211584
"101","Rep. of Korea","KOR","World","WLD",1997,136151023616
"102","Lebanon","LBN","World","WLD",1997,7437826048
"103","Lebanon","LBN","World","WLD",1997,642229248
"104","Latvia","LVA","World","WLD",1997,2720941056
"105","Latvia","LVA","World","WLD",1997,1671602048
"106","Lithuania","LTU","World","WLD",1997,5643365888
"107","Lithuania","LTU","World","WLD",1997,3862455552
"108","China, Macao SAR","MAC","World","WLD",1997,2076626176
"109","China, Macao SAR","MAC","World","WLD",1997,2282087168
"110","China, Macao SAR","MAC","World","WLD",1997,137436048
"111","Madagascar","MDG","World","WLD",1997,573047296
"112","Madagascar","MDG","World","WLD",1997,277755424
"113","Malaysia","MYS","World","WLD",1997,78433583104
"114","Malaysia","MYS","World","WLD",1997,78729420800
"115","Maldives","MDV","World","WLD",1997,348840832
"116","Maldives","MDV","World","WLD",1997,70214168
"117","Malta","MLT","World","WLD",1997,2553495296
"118","Malta","MLT","World","WLD",1997,1644257280
"119","Malta","MLT","World","WLD",1997,180146928
"120","Mauritius","MUS","World","WLD",1997,2230989824
"121","Mauritius","MUS","World","WLD",1997,1600096256
"122","Mexico","MEX","World","WLD",1997,111983247360
"123","Mexico","MEX","World","WLD",1997,110046904320
"124","Mongolia","MNG","World","WLD",1997,467845248
"125","Mongolia","MNG","World","WLD",1997,451434112
"126","Netherlands","NLD","World","WLD",1997,162359656448
"127","Netherlands","NLD","World","WLD",1997,184433197056
"128","New Zealand","NZL","World","WLD",1997,14518500352
"129","New Zealand","NZL","World","WLD",1997,14085868544
"130","New Zealand","NZL","World","WLD",1997,358680960
"131","Nicaragua","NIC","World","WLD",1997,1469732480
"132","Nicaragua","NIC","World","WLD",1997,666607296
"133","Norway","NOR","World","WLD",1997,35768274944
"134","Norway","NOR","World","WLD",1997,48549838848
"135","Poland","POL","World","WLD",1997,42257501906
"136","Poland","POL","World","WLD",1997,25700735424
"137","Portugal","PRT","World","WLD",1997,34440638464
"138","Portugal","PRT","World","WLD",1997,23524898816
"139","Romania","ROU","World","WLD",1997,11279739904
"140","Romania","ROU","World","WLD",1997,8431049216
"141","Russian Federation","RUS","World","WLD",1997,66326577152
"142","Russian Federation","RUS","World","WLD",1997,85889245184
"143","Senegal","SEN","World","WLD",1997,1706332928
"144","Senegal","SEN","World","WLD",1997,344527488
"145","Seychelles","SYC","World","WLD",1997,340064857
"146","Seychelles","SYC","World","WLD",1997,113656443
"147","Seychelles","SYC","World","WLD",1997,43789025
"148","India","IND","World","WLD",1997,41429430272
"149","India","IND","World","WLD",1997,34793750528
"150","India","IND","World","WLD",1997,72735408
"151","Singapore","SGP","World","WLD",1997,132441673839
"152","Singapore","SGP","World","WLD",1997,124988069164
"153","Slovakia","SVK","World","WLD",1997,11726973952
"154","Slovakia","SVK","World","WLD",1997,9633901568
"155","Slovenia","SVN","World","WLD",1997,9365660672
"156","Slovenia","SVN","World","WLD",1997,8368848896
"157","So. African Customs Union","ZAF","World","WLD",1997,30878982144
"158","So. African Customs Union","ZAF","World","WLD",1997,22485379072
"159","Spain","ESP","World","WLD",1997,124417654784
"160","Spain","ESP","World","WLD",1997,106240696320
"161","Sweden","SWE","World","WLD",1997,63168258048
"162","Sweden","SWE","World","WLD",1997,81477337088
"163","Switzerland","CHE","World","WLD",1997,75900354560
"164","Switzerland","CHE","World","WLD",1997,76149940224
"165","Turkey","TUR","World","WLD",1997,48585060352
"166","Turkey","TUR","World","WLD",1997,26244683776
"167","Tuvalu","TUV","World","WLD",1997,6735530
"168","Uganda","UGA","World","WLD",1997,795344768
"169","Uganda","UGA","World","WLD",1997,402403200
"170","North Macedonia","MKD","World","WLD",1997,1778488832
"171","North Macedonia","MKD","World","WLD",1997,1236803584
"172","United Kingdom","GBR","World","WLD",1997,305135405241
"173","United Kingdom","GBR","World","WLD",1997,278906969481
"174","United Rep. of Tanzania","TZA","World","WLD",1997,1301926528
"175","United Rep. of Tanzania","TZA","World","WLD",1997,598168576
"176","USA","USA","World","WLD",1997,898025469114
"177","USA","USA","World","WLD",1997,687532541990
"178","USA","USA","World","WLD",1997,44354154440
"179","Uruguay","URY","World","WLD",1997,3715532288
"180","Uruguay","URY","World","WLD",1997,2729518080
"181","Venezuela","VEN","World","WLD",1997,13158796288
"182","Venezuela","VEN","World","WLD",1997,22889846784
"183","Zambia","ZMB","World","WLD",1997,1000681995
"184","Zambia","ZMB","World","WLD",1997,1123429439
"185","Albania","ALB","World","WLD",1998,841256184
"186","Albania","ALB","World","WLD",1998,207653802
"187","Algeria","DZA","World","WLD",1998,9403430912
"188","Algeria","DZA","World","WLD",1998,9838587904
"189","Andorra","AND","World","WLD",1998,1064134784
"190","Andorra","AND","World","WLD",1998,57858896
"191","Argentina","ARG","World","WLD",1998,31377246208
"192","Argentina","ARG","World","WLD",1998,26433671168
"193","Australia","AUS","World","WLD",1998,60774257104
"194","Australia","AUS","World","WLD",1998,55808521696
"195","Australia","AUS","World","WLD",1998,3005875180
"196","Austria","AUT","World","WLD",1998,67098177536
"197","Austria","AUT","World","WLD",1998,60856832000
"198","Bahamas","BHS","World","WLD",1998,1815543296
"199","Bahamas","BHS","World","WLD",1998,300320704
"200","Bahamas","BHS","World","WLD",1998,162100592
"201","Belgium-Luxembourg","BEL","World","WLD",1998,166721634304
"202","Belgium-Luxembourg","BEL","World","WLD",1998,178615435264
"203","Bolivia (Plurinational State of)","BOL","World","WLD",1998,2350150400
"204","Bolivia (Plurinational State of)","BOL","World","WLD",1998,1323269376
"205","Brazil","BRA","World","WLD",1998,60793118720
"206","Brazil","BRA","World","WLD",1998,51119869952
"207","Belize","BLZ","World","WLD",1998,292261248
"208","Belize","BLZ","World","WLD",1998,162217536
"209","Belize","BLZ","World","WLD",1998,15792413
"210","Bulgaria","BGR","World","WLD",1998,4995096064
"211","Bulgaria","BGR","World","WLD",1998,4292926720
"212","Belarus","BLR","World","WLD",1998,8549278208
"213","Belarus","BLR","World","WLD",1998,7069717504
"214","Canada","CAN","World","WLD",1998,201372549120
"215","Canada","CAN","World","WLD",1998,214606348288
"216","Cabo Verde","CPV","World","WLD",1998,231102352
"217","Cabo Verde","CPV","World","WLD",1998,46710648
"218","Cabo Verde","CPV","World","WLD",1998,33264498
"219","Central African Rep.","CAF","World","WLD",1998,117097784
"220","Central African Rep.","CAF","World","WLD",1998,106264048
"221","Chile","CHL","World","WLD",1998,17082405888
"222","Chile","CHL","World","WLD",1998,14841618432
"223","China","CHN","World","WLD",1998,140236767232
"224","China","CHN","World","WLD",1998,183808983040
"225","Colombia","COL","World","WLD",1998,14677125120
"226","Colombia","COL","World","WLD",1998,10821222400
"227","Costa Rica","CRI","World","WLD",1998,6237100032
"228","Costa Rica","CRI","World","WLD",1998,5151279104
"229","Croatia","HRV","World","WLD",1998,8383010304
"230","Croatia","HRV","World","WLD",1998,4541103616
"231","Cyprus","CYP","World","WLD",1998,3686276608
"232","Cyprus","CYP","World","WLD",1998,1061851200
"233","Cyprus","CYP","World","WLD",1998,635570432
"234","Czechia","CZE","World","WLD",1998,30524192768
"235","Czechia","CZE","World","WLD",1998,28305768448
"236","Benin","BEN","World","WLD",1998,807020032
"237","Benin","BEN","World","WLD",1998,332872640
"238","Benin","BEN","World","WLD",1998,135674784
"239","Denmark","DNK","World","WLD",1998,45700681728
"240","Denmark","DNK","World","WLD",1998,47709990912
"241","Ecuador","ECU","World","WLD",1998,5575400448
"242","Ecuador","ECU","World","WLD",1998,4203045888
"243","El Salvador","SLV","World","WLD",1998,3108029184
"244","El Salvador","SLV","World","WLD",1998,1257067008
"245","Estonia","EST","World","WLD",1998,4786737664
"246","Estonia","EST","World","WLD",1998,3244834048
"247","Faeroe Isds","FRO","World","WLD",1998,378312224
"248","Faeroe Isds","FRO","World","WLD",1998,430419552
"249","Finland","FIN","World","WLD",1998,32394584064
"250","Finland","FIN","World","WLD",1998,43210153984
"251","France","FRA","World","WLD",1998,286035836928
"252","France","FRA","World","WLD",1998,300571066368
"253","French Polynesia","PYF","World","WLD",1998,1107377024
"254","French Polynesia","PYF","World","WLD",1998,252081760
"255","Gabon","GAB","World","WLD",1998,1209275733
"256","Gabon","GAB","World","WLD",1998,2602773532
"257","Georgia","GEO","World","WLD",1998,880380304
"258","Georgia","GEO","World","WLD",1998,192322511
"259","Gambia","GMB","World","WLD",1998,257190352
"260","Gambia","GMB","World","WLD",1998,25635162
"261","Gambia","GMB","World","WLD",1998,4741630
"262","Germany","DEU","World","WLD",1998,471226318848
"263","Germany","DEU","World","WLD",1998,543555256320
"264","Greece","GRC","World","WLD",1998,30266642432
"265","Greece","GRC","World","WLD",1998,10867735552
"266","Greenland","GRL","World","WLD",1998,397319328
"267","Greenland","GRL","World","WLD",1998,255289392
"268","Guatemala","GTM","World","WLD",1998,4650830336
"269","Guatemala","GTM","World","WLD",1998,2581669632
"270","Guinea","GIN","World","WLD",1998,536579328
"271","Guinea","GIN","World","WLD",1998,562858688
"272","Guyana","GUY","World","WLD",1998,539803000
"273","Guyana","GUY","World","WLD",1998,501588000
"274","Honduras","HND","World","WLD",1998,2533953792
"275","Honduras","HND","World","WLD",1998,1532791424
"276","China, Hong Kong SAR","HKG","World","WLD",1998,186759283447
"277","China, Hong Kong SAR","HKG","World","WLD",1998,174863528638
"278","China, Hong Kong SAR","HKG","World","WLD",1998,150276129239
"279","Hungary","HUN","World","WLD",1998,25706391552
"280","Hungary","HUN","World","WLD",1998,23005022208
"281","Iceland","ISL","World","WLD",1998,2482828032
"282","Iceland","ISL","World","WLD",1998,1931225472
"283","Indonesia","IDN","World","WLD",1998,27336828928
"284","Indonesia","IDN","World","WLD",1998,48847519744
"285","Iran","IRN","World","WLD",1998,14285524759
"286","Iran","IRN","World","WLD",1998,13241061980
"287","Ireland","IRL","World","WLD",1998,44378009600
"288","Ireland","IRL","World","WLD",1998,64246931456
"289","Israel","ISR","World","WLD",1998,27468924928
"290","Israel","ISR","World","WLD",1998,23303550976
"291","Italy","ITA","World","WLD",1998,215590076416
"292","Italy","ITA","World","WLD",1998,242102206464
"293","Jamaica","JAM","World","WLD",1998,2985440512
"294","Jamaica","JAM","World","WLD",1998,1265907840
"295","Jamaica","JAM","World","WLD",1998,50392680
"296","Japan","JPN","World","WLD",1998,280633850895
"297","Japan","JPN","World","WLD",1998,388136156315
"298","Kazakhstan","KAZ","World","WLD",1998,4256615424
"299","Kazakhstan","KAZ","World","WLD",1998,5403772928
"300","Jordan","JOR","World","WLD",1998,3828449280
"301","Jordan","JOR","World","WLD",1998,1382345088
"302","Kenya","KEN","World","WLD",1998,3301758976
"303","Kenya","KEN","World","WLD",1998,1916634752
"304","Rep. of Korea","KOR","World","WLD",1998,93280911360
"305","Rep. of Korea","KOR","World","WLD",1998,132302323712
"306","Lebanon","LBN","World","WLD",1998,7053862912
"307","Lebanon","LBN","World","WLD",1998,660939840
"308","Latvia","LVA","World","WLD",1998,3191363072
"309","Latvia","LVA","World","WLD",1998,1811128064
"310","Lithuania","LTU","World","WLD",1998,5793748992
"311","Lithuania","LTU","World","WLD",1998,3710731520
"312","China, Macao SAR","MAC","World","WLD",1998,1947667072
"313","China, Macao SAR","MAC","World","WLD",1998,2134607360
"314","China, Macao SAR","MAC","World","WLD",1998,272331936
"315","Madagascar","MDG","World","WLD",1998,556789568
"316","Madagascar","MDG","World","WLD",1998,234558096
"317","Malaysia","MYS","World","WLD",1998,57759420674
"318","Malaysia","MYS","World","WLD",1998,73254221383
"319","Maldives","MDV","World","WLD",1998,353963520
"320","Maldives","MDV","World","WLD",1998,74625744
"321","Mali","MLI","World","WLD",1998,834329344
"322","Mali","MLI","World","WLD",1998,446843808
"323","Mali","MLI","World","WLD",1998,25514468
"324","Malta","MLT","World","WLD",1998,2666498816
"325","Malta","MLT","World","WLD",1998,1832752768
"326","Malta","MLT","World","WLD",1998,121422248
"327","Mauritius","MUS","World","WLD",1998,2182512896
"328","Mauritius","MUS","World","WLD",1998,1700374528
"329","Mexico","MEX","World","WLD",1998,125323755520
"330","Mexico","MEX","World","WLD",1998,117325348864
"331","Mongolia","MNG","World","WLD",1998,488870432
"332","Mongolia","MNG","World","WLD",1998,345071808
"333","Nepal","NPL","World","WLD",1998,1313165952
"334","Nepal","NPL","World","WLD",1998,408728512
"335","Netherlands","NLD","World","WLD",1998,156727887912
"336","Netherlands","NLD","World","WLD",1998,167595517225
"337","Neth. Antilles","ANT","World","WLD",1998,2061864192
"338","Neth. Antilles","ANT","World","WLD",1998,1169209856
"339","New Zealand","NZL","World","WLD",1998,11334582272
"340","New Zealand","NZL","World","WLD",1998,12087535616
"341","Nicaragua","NIC","World","WLD",1998,1532107904
"342","Nicaragua","NIC","World","WLD",1998,552822912
"343","Niger","NER","World","WLD",1998,419976896
"344","Niger","NER","World","WLD",1998,336788800
"345","Niger","NER","World","WLD",1998,138168144
"346","Norway","NOR","World","WLD",1998,37477687296
"347","Norway","NOR","World","WLD",1998,40401838080
"348","Panama","PAN","World","WLD",1998,3397274624
"349","Panama","PAN","World","WLD",1998,705456704
"350","Paraguay","PRY","World","WLD",1998,2896688384
"351","Paraguay","PRY","World","WLD",1998,1014102656
"352","Peru","PER","World","WLD",1998,8220255744
"353","Peru","PER","World","WLD",1998,5671803904
"354","Poland","POL","World","WLD",1998,47003859000
"355","Poland","POL","World","WLD",1998,28193638000
"356","Portugal","PRT","World","WLD",1998,37048459264
"357","Portugal","PRT","World","WLD",1998,24217868288
"358","Romania","ROU","World","WLD",1998,11835426816
"359","Romania","ROU","World","WLD",1998,8300932096
"360","Russian Federation","RUS","World","WLD",1998,43711339493
"361","Russian Federation","RUS","World","WLD",1998,72275585466
"362","Saint Vincent and the Grenadines","VCT","World","WLD",1998,192106912
"363","Saint Vincent and the Grenadines","VCT","World","WLD",1998,49645860
"364","Saint Vincent and the Grenadines","VCT","World","WLD",1998,2906036
"365","Senegal","SEN","World","WLD",1998,1573858432
"366","Senegal","SEN","World","WLD",1998,517367616
"367","Seychelles","SYC","World","WLD",1998,383657010
"368","Seychelles","SYC","World","WLD",1998,121531181
"369","Seychelles","SYC","World","WLD",1998,31461302
"370","India","IND","World","WLD",1998,42424950784
"371","India","IND","World","WLD",1998,33207324672
"372","India","IND","World","WLD",1998,97754192
"373","Singapore","SGP","World","WLD",1998,101731540992
"374","Singapore","SGP","World","WLD",1998,109904936960
"375","Slovakia","SVK","World","WLD",1998,13070530560
"376","Slovakia","SVK","World","WLD",1998,10718081024
"377","Slovenia","SVN","World","WLD",1998,10110369792
"378","Slovenia","SVN","World","WLD",1998,9050524672
"379","So. African Customs Union","ZAF","World","WLD",1998,26624038912
"380","So. African Customs Union","ZAF","World","WLD",1998,19586019328
"381","Spain","ESP","World","WLD",1998,134522634240
"382","Spain","ESP","World","WLD",1998,109251190784
"383","Sweden","SWE","World","WLD",1998,68606316544
"384","Sweden","SWE","World","WLD",1998,84991770624
"385","Switzerland","CHE","World","WLD",1998,80094044160
"386","Switzerland","CHE","World","WLD",1998,78855643136
"387","Togo","TGO","World","WLD",1998,686900672
"388","Togo","TGO","World","WLD",1998,393420480
"389","Togo","TGO","World","WLD",1998,105185112
"390","Turkey","TUR","World","WLD",1998,45908185088
"391","Turkey","TUR","World","WLD",1998,26881361920
"392","Tuvalu","TUV","World","WLD",1998,10235740
"393","Uganda","UGA","World","WLD",1998,1105467776
"394","Uganda","UGA","World","WLD",1998,509850848
"395","North Macedonia","MKD","World","WLD",1998,1914646016
"396","North Macedonia","MKD","World","WLD",1998,1310675456
"397","United Kingdom","GBR","World","WLD",1998,311879512480
"398","United Kingdom","GBR","World","WLD",1998,270295285330
"399","United Rep. of Tanzania","TZA","World","WLD",1998,1670766464
"400","United Rep. of Tanzania","TZA","World","WLD",1998,630078400
"401","USA","USA","World","WLD",1998,944350087088
"402","USA","USA","World","WLD",1998,680434596823
"403","USA","USA","World","WLD",1998,45760606573
"404","Uruguay","URY","World","WLD",1998,3807613952
"405","Uruguay","URY","World","WLD",1998,2769650688
"406","Venezuela","VEN","World","WLD",1998,14250360832
"407","Venezuela","VEN","World","WLD",1998,17054107648
"408","Zambia","ZMB","World","WLD",1998,1099536256
"409","Zambia","ZMB","World","WLD",1998,1032256960
"410","Albania","ALB","World","WLD",1999,1154351169
"411","Albania","ALB","World","WLD",1999,351097824
"412","Algeria","DZA","World","WLD",1999,9161845368
"413","Algeria","DZA","World","WLD",1999,12525276632
"414","Andorra","AND","World","WLD",1999,1078680594
"415","Andorra","AND","World","WLD",1999,42680600
"416","Antigua and Barbuda","ATG","World","WLD",1999,356003488
"417","Antigua and Barbuda","ATG","World","WLD",1999,14974068
"418","Antigua and Barbuda","ATG","World","WLD",1999,11580738
"419","Azerbaijan","AZE","World","WLD",1999,1035652323
"420","Azerbaijan","AZE","World","WLD",1999,929225537
"421","Argentina","ARG","World","WLD",1999,25507944033
"422","Argentina","ARG","World","WLD",1999,23332660078
"423","Australia","AUS","World","WLD",1999,65198357215
"424","Australia","AUS","World","WLD",1999,54534196028
"425","Australia","AUS","World","WLD",1999,3454320071
"426","Austria","AUT","World","WLD",1999,66003473393
"427","Austria","AUT","World","WLD",1999,59271554655
"428","Bahamas","BHS","World","WLD",1999,1750850304
"429","Bahamas","BHS","World","WLD",1999,426030400
"430","Bahamas","BHS","World","WLD",1999,231869696
"431","Armenia","ARM","World","WLD",1999,810846494
"432","Armenia","ARM","World","WLD",1999,231666237
"433","Belgium","BEL","World","WLD",1999,164603472960
"434","Belgium","BEL","World","WLD",1999,178866828247
"435","Bhutan","BTN","World","WLD",1999,182077408
"436","Bhutan","BTN","World","WLD",1999,115950052
"437","Bolivia (Plurinational State of)","BOL","World","WLD",1999,1835407742
"438","Bolivia (Plurinational State of)","BOL","World","WLD",1999,1401883454
"439","Brazil","BRA","World","WLD",1999,51747393438
"440","Brazil","BRA","World","WLD",1999,48011410609
"441","Belize","BLZ","World","WLD",1999,284586880
"442","Belize","BLZ","World","WLD",1999,140743376
"443","Belize","BLZ","World","WLD",1999,55279504
"444","Bulgaria","BGR","World","WLD",1999,5409527038
"445","Bulgaria","BGR","World","WLD",1999,3924528950
"446","Belarus","BLR","World","WLD",1999,6673728512
"447","Belarus","BLR","World","WLD",1999,5908927488
"448","Canada","CAN","World","WLD",1999,215554886332
"449","Canada","CAN","World","WLD",1999,238778007509
"450","Cabo Verde","CPV","World","WLD",1999,262204816
"451","Cabo Verde","CPV","World","WLD",1999,50152720
"452","Cabo Verde","CPV","World","WLD",1999,38369080
"453","Central African Rep.","CAF","World","WLD",1999,95346416
"454","Central African Rep.","CAF","World","WLD",1999,110049480
"455","Sri Lanka","LKA","World","WLD",1999,5338225152
"456","Sri Lanka","LKA","World","WLD",1999,4467271168
"457","Chile","CHL","World","WLD",1999,13891477545
"458","Chile","CHL","World","WLD",1999,15619179063
"459","China","CHN","World","WLD",1999,165699066576
"460","China","CHN","World","WLD",1999,194930778542
"461","Colombia","COL","World","WLD",1999,10659186688
"462","Colombia","COL","World","WLD",1999,11617030144
"463","Costa Rica","CRI","World","WLD",1999,5986504619
"464","Costa Rica","CRI","World","WLD",1999,6283076111
"465","Croatia","HRV","World","WLD",1999,7777378559
"466","Croatia","HRV","World","WLD",1999,4279690427
"467","Cuba","CUB","World","WLD",1999,4391241802
"468","Cuba","CUB","World","WLD",1999,1495833377
"469","Cyprus","CYP","World","WLD",1999,3617947136
"470","Cyprus","CYP","World","WLD",1999,997005504
"471","Cyprus","CYP","World","WLD",1999,601891968
"472","Czechia","CZE","World","WLD",1999,28837311765
"473","Czechia","CZE","World","WLD",1999,26842601535
"474","Benin","BEN","World","WLD",1999,690955008
"475","Benin","BEN","World","WLD",1999,225627216
"476","Denmark","DNK","World","WLD",1999,44316614710
"477","Denmark","DNK","World","WLD",1999,49027809020
"478","Dominica","DMA","World","WLD",1999,132828320
"479","Dominica","DMA","World","WLD",1999,54316352
"480","Dominica","DMA","World","WLD",1999,2141937
"481","Ecuador","ECU","World","WLD",1999,3017166537
"482","Ecuador","ECU","World","WLD",1999,4451080724
"483","El Salvador","SLV","World","WLD",1999,3128087329
"484","El Salvador","SLV","World","WLD",1999,1164156461
"485","Estonia","EST","World","WLD",1999,4109452226
"486","Estonia","EST","World","WLD",1999,3017194127
"487","Faeroe Isds","FRO","World","WLD",1999,477465030
"488","Faeroe Isds","FRO","World","WLD",1999,477880406
"489","Finland","FIN","World","WLD",1999,31614075338
"490","Finland","FIN","World","WLD",1999,41765477900
"491","France","FRA","World","WLD",1999,286592827392
"492","France","FRA","World","WLD",1999,296025161728
"493","French Polynesia","PYF","World","WLD",1999,927005761
"494","French Polynesia","PYF","World","WLD",1999,248894452
"495","Gabon","GAB","World","WLD",1999,899443356
"496","Gabon","GAB","World","WLD",1999,2072117903
"497","Georgia","GEO","World","WLD",1999,603134080
"498","Georgia","GEO","World","WLD",1999,238166192
"499","Gambia","GMB","World","WLD",1999,192156944
"500","Gambia","GMB","World","WLD",1999,12287982
"501","Germany","DEU","World","WLD",1999,473500680192
"502","Germany","DEU","World","WLD",1999,542835572736
"503","Greece","GRC","World","WLD",1999,30434422777
"504","Greece","GRC","World","WLD",1999,11035073886
"505","Greenland","GRL","World","WLD",1999,418303313
"506","Greenland","GRL","World","WLD",1999,289458589
"507","Guatemala","GTM","World","WLD",1999,4554308306
"508","Guatemala","GTM","World","WLD",1999,2458210035
"509","Guinea","GIN","World","WLD",1999,555924928
"510","Guinea","GIN","World","WLD",1999,473871648
"511","Guyana","GUY","World","WLD",1999,479928992
"512","Guyana","GUY","World","WLD",1999,474202880
"513","Guyana","GUY","World","WLD",1999,3451004
"514","Honduras","HND","World","WLD",1999,2673677312
"515","Honduras","HND","World","WLD",1999,1164394368
"516","China, Hong Kong SAR","HKG","World","WLD",1999,180710618558
"517","China, Hong Kong SAR","HKG","World","WLD",1999,174402740756
"518","China, Hong Kong SAR","HKG","World","WLD",1999,152022109016
"519","Hungary","HUN","World","WLD",1999,28008226000
"520","Hungary","HUN","World","WLD",1999,25012186000
"521","Iceland","ISL","World","WLD",1999,2315481856
"522","Iceland","ISL","World","WLD",1999,2009715840
"523","Indonesia","IDN","World","WLD",1999,24003249538
"524","Indonesia","IDN","World","WLD",1999,48665419481
"525","Iran","IRN","World","WLD",1999,12621764573
"526","Iran","IRN","World","WLD",1999,20008248712
"527","Ireland","IRL","World","WLD",1999,47207837696
"528","Ireland","IRL","World","WLD",1999,71226728448
"529","Israel","ISR","World","WLD",1999,31085575000
"530","Israel","ISR","World","WLD",1999,25839935000
"531","Italy","ITA","World","WLD",1999,220056096159
"532","Italy","ITA","World","WLD",1999,234962950629
"533","Jamaica","JAM","World","WLD",1999,2903630592
"534","Jamaica","JAM","World","WLD",1999,1239399040
"535","Jamaica","JAM","World","WLD",1999,34505096
"536","Japan","JPN","World","WLD",1999,309994471698
"537","Japan","JPN","World","WLD",1999,417610124903
"538","Jordan","JOR","World","WLD",1999,3676804864
"539","Jordan","JOR","World","WLD",1999,1820777600
"540","Jordan","JOR","World","WLD",1999,347337024
"541","Kenya","KEN","World","WLD",1999,2785610955
"542","Kenya","KEN","World","WLD",1999,1650920778
"543","Rep. of Korea","KOR","World","WLD",1999,119751244431
"544","Rep. of Korea","KOR","World","WLD",1999,143685399426
"545","Lebanon","LBN","World","WLD",1999,6205816832
"546","Lebanon","LBN","World","WLD",1999,676761280
"547","Latvia","LVA","World","WLD",1999,2946780984
"548","Latvia","LVA","World","WLD",1999,1723793807
"549","Lithuania","LTU","World","WLD",1999,4834490072
"550","Lithuania","LTU","World","WLD",1999,3003828561
"551","Luxembourg","LUX","World","WLD",1999,10346585824
"552","Luxembourg","LUX","World","WLD",1999,7673970126
"553","China, Macao SAR","MAC","World","WLD",1999,2035867008
"554","China, Macao SAR","MAC","World","WLD",1999,2196667904
"555","China, Macao SAR","MAC","World","WLD",1999,316825408
"556","Madagascar","MDG","World","WLD",1999,505340536
"557","Madagascar","MDG","World","WLD",1999,232759000
"558","Malawi","MWI","World","WLD",1999,645381248
"559","Malawi","MWI","World","WLD",1999,461925952
"560","Malawi","MWI","World","WLD",1999,23516348
"561","Malaysia","MYS","World","WLD",1999,64939219363
"562","Malaysia","MYS","World","WLD",1999,84511901587
"563","Maldives","MDV","World","WLD",1999,402151232
"564","Maldives","MDV","World","WLD",1999,63951212
"565","Mali","MLI","World","WLD",1999,827144704
"566","Mali","MLI","World","WLD",1999,501750240
"567","Mali","MLI","World","WLD",1999,29951172
"568","Malta","MLT","World","WLD",1999,2840153600
"569","Malta","MLT","World","WLD",1999,1979632128
"570","Malta","MLT","World","WLD",1999,196428624
"571","Mauritius","MUS","World","WLD",1999,2275922616
"572","Mauritius","MUS","World","WLD",1999,1562475473
"573","Mexico","MEX","World","WLD",1999,141955596288
"574","Mexico","MEX","World","WLD",1999,136262811648
"575","Mongolia","MNG","World","WLD",1999,510288928
"576","Mongolia","MNG","World","WLD",1999,358194368
"577","Montserrat","MSR","World","WLD",1999,21886272
"578","Montserrat","MSR","World","WLD",1999,1254600
"579","Montserrat","MSR","World","WLD",1999,1250410
"580","Mozambique","MOZ","World","WLD",1999,270629774
"581","Nepal","NPL","World","WLD",1999,1347482240
"582","Nepal","NPL","World","WLD",1999,524294592
"583","Netherlands","NLD","World","WLD",1999,167875451178
"584","Netherlands","NLD","World","WLD",1999,170538253232
"585","New Zealand","NZL","World","WLD",1999,14318347193
"586","New Zealand","NZL","World","WLD",1999,12473943873
"587","Nicaragua","NIC","World","WLD",1999,1723042302
"588","Nicaragua","NIC","World","WLD",1999,508482031
"589","Niger","NER","World","WLD",1999,394766272
"590","Niger","NER","World","WLD",1999,293887168
"591","Niger","NER","World","WLD",1999,113371216
"592","Nigeria","NGA","World","WLD",1999,4482496512
"593","Nigeria","NGA","World","WLD",1999,16123503616
"594","Norway","NOR","World","WLD",1999,34172692480
"595","Norway","NOR","World","WLD",1999,45479329792
"596","Panama","PAN","World","WLD",1999,3515188117
"597","Panama","PAN","World","WLD",1999,707130402
"598","Paraguay","PRY","World","WLD",1999,1905851232
"599","Paraguay","PRY","World","WLD",1999,740768872
"600","Peru","PER","World","WLD",1999,6822840670
"601","Peru","PER","World","WLD",1999,5932053067
"602","Poland","POL","World","WLD",1999,45876120000
"603","Poland","POL","World","WLD",1999,27374963000
"604","Portugal","PRT","World","WLD",1999,39828577376
"605","Portugal","PRT","World","WLD",1999,24493549734
"606","Romania","ROU","World","WLD",1999,10395266048
"607","Romania","ROU","World","WLD",1999,8502972928
"608","Russian Federation","RUS","World","WLD",1999,30291545551
"609","Russian Federation","RUS","World","WLD",1999,72884999952
"610","Saint Kitts and Nevis","KNA","World","WLD",1999,152771968
"611","Saint Kitts and Nevis","KNA","World","WLD",1999,27930712
"612","Saint Kitts and Nevis","KNA","World","WLD",1999,2532455
"613","Saint Vincent and the Grenadines","VCT","World","WLD",1999,200717984
"614","Saint Vincent and the Grenadines","VCT","World","WLD",1999,49406644
"615","Saint Vincent and the Grenadines","VCT","World","WLD",1999,4620441
"616","Sao Tome and Principe","STP","World","WLD",1999,38008344
"617","Sao Tome and Principe","STP","World","WLD",1999,2194828
"618","Saudi Arabia","SAU","World","WLD",1999,28031635613
"619","Saudi Arabia","SAU","World","WLD",1999,50693813581
"620","Saudi Arabia","SAU","World","WLD",1999,499085623
"621","Senegal","SEN","World","WLD",1999,1604359110
"622","Senegal","SEN","World","WLD",1999,471319844
"623","Seychelles","SYC","World","WLD",1999,429447856
"624","Seychelles","SYC","World","WLD",1999,144963884
"625","Seychelles","SYC","World","WLD",1999,36168679
"626","India","IND","World","WLD",1999,50010898627
"627","India","IND","World","WLD",1999,36919977135
"628","Singapore","SGP","World","WLD",1999,111060866386
"629","Singapore","SGP","World","WLD",1999,114681728362
"630","Slovakia","SVK","World","WLD",1999,11130500282
"631","Slovakia","SVK","World","WLD",1999,10056773255
"632","Slovenia","SVN","World","WLD",1999,10081416835
"633","Slovenia","SVN","World","WLD",1999,8545870832
"634","So. African Customs Union","ZAF","World","WLD",1999,24092430336
"635","So. African Customs Union","ZAF","World","WLD",1999,23188553728
"636","Spain","ESP","World","WLD",1999,147865871280
"637","Spain","ESP","World","WLD",1999,111492928927
"638","Fmr Sudan","SDN","World","WLD",1999,992804928
"639","Fmr Sudan","SDN","World","WLD",1999,222063840
"640","Sweden","SWE","World","WLD",1999,63989285556
"641","Sweden","SWE","World","WLD",1999,75660616644
"642","Switzerland","CHE","World","WLD",1999,79857074176
"643","Switzerland","CHE","World","WLD",1999,80299720704
"644","Thailand","THA","World","WLD",1999,50309073337
"645","Thailand","THA","World","WLD",1999,58423032127
"646","Togo","TGO","World","WLD",1999,668242112
"647","Togo","TGO","World","WLD",1999,360342976
"648","Togo","TGO","World","WLD",1999,115450360
"649","Trinidad and Tobago","TTO","World","WLD",1999,2743761466
"650","Trinidad and Tobago","TTO","World","WLD",1999,2805664263
"651","United Arab Emirates","ARE","World","WLD",1999,25911556936
"652","United Arab Emirates","ARE","World","WLD",1999,26479226340
"653","United Arab Emirates","ARE","World","WLD",1999,6262692300
"654","Turkey","TUR","World","WLD",1999,40686712277
"655","Turkey","TUR","World","WLD",1999,26587173645
"656","Turkmenistan","TKM","World","WLD",1999,1478246016
"657","Turkmenistan","TKM","World","WLD",1999,1186990848
"658","Turks and Caicos Isds","TCA","World","WLD",1999,147365683
"659","Turks and Caicos Isds","TCA","World","WLD",1999,7672414
"660","Tuvalu","TUV","World","WLD",1999,8090058
"661","Uganda","UGA","World","WLD",1999,1015226161
"662","Uganda","UGA","World","WLD",1999,505700680
"663","North Macedonia","MKD","World","WLD",1999,1776133248
"664","North Macedonia","MKD","World","WLD",1999,1191261568
"665","United Kingdom","GBR","World","WLD",1999,315333083128
"666","United Kingdom","GBR","World","WLD",1999,265442493128
"667","United Rep. of Tanzania","TZA","World","WLD",1999,1588020090
"668","United Rep. of Tanzania","TZA","World","WLD",1999,642050059
"669","USA","USA","World","WLD",1999,1059220066421
"670","USA","USA","World","WLD",1999,692783783523
"671","USA","USA","World","WLD",1999,50624503309
"672","Uruguay","URY","World","WLD",1999,3356245106
"673","Uruguay","URY","World","WLD",1999,2237041803
"674","Venezuela","VEN","World","WLD",1999,13553948776
"675","Venezuela","VEN","World","WLD",1999,20076191895
"676","Zambia","ZMB","World","WLD",1999,822126464
"677","Zambia","ZMB","World","WLD",1999,1062903296
"678","Albania","ALB","World","WLD",2000,1089467879
"679","Albania","ALB","World","WLD",2000,261475781
"680","Algeria","DZA","World","WLD",2000,9152077226
"681","Algeria","DZA","World","WLD",2000,22031287644
"682","Andorra","AND","World","WLD",2000,1011959615
"683","Andorra","AND","World","WLD",2000,45329043
"684","Antigua and Barbuda","ATG","World","WLD",2000,338187415
"685","Antigua and Barbuda","ATG","World","WLD",2000,22519698
"686","Antigua and Barbuda","ATG","World","WLD",2000,19497871
"687","Azerbaijan","AZE","World","WLD",2000,1172038210
"688","Azerbaijan","AZE","World","WLD",2000,1745251936
"689","Argentina","ARG","World","WLD",2000,25280463491
"690","Argentina","ARG","World","WLD",2000,26341029193
"691","Australia","AUS","World","WLD",2000,71555125639
"692","Australia","AUS","World","WLD",2000,63766334251
"693","Australia","AUS","World","WLD",2000,288391032
"694","Austria","AUT","World","WLD",2000,68373911913
"695","Austria","AUT","World","WLD",2000,63674699062
"696","Bahamas","BHS","World","WLD",2000,2002171986
"697","Bahamas","BHS","World","WLD",2000,554884272
"698","Bahamas","BHS","World","WLD",2000,310646553
"699","Armenia","ARM","World","WLD",2000,840307429
"700","Armenia","ARM","World","WLD",2000,294102939
"701","Armenia","ARM","World","WLD",2000,90216179
"702","Barbados","BRB","World","WLD",2000,1155540249
"703","Barbados","BRB","World","WLD",2000,272834481
"704","Barbados","BRB","World","WLD",2000,82679974
"705","Belgium","BEL","World","WLD",2000,176990651494
"706","Belgium","BEL","World","WLD",2000,187838904743
"707","Bolivia (Plurinational State of)","BOL","World","WLD",2000,1848731517
"708","Bolivia (Plurinational State of)","BOL","World","WLD",2000,1456674073
"709","Botswana","BWA","World","WLD",2000,2078935789
"710","Botswana","BWA","World","WLD",2000,2778832289
"711","Brazil","BRA","World","WLD",2000,60045621239
"712","Brazil","BRA","World","WLD",2000,54993153735
"713","Brazil","BRA","World","WLD",2000,124477282
"714","Belize","BLZ","World","WLD",2000,446932894
"715","Belize","BLZ","World","WLD",2000,200215099
"716","Belize","BLZ","World","WLD",2000,14687687
"717","Bulgaria","BGR","World","WLD",2000,6504688325
"718","Bulgaria","BGR","World","WLD",2000,4821843864
"719","Belarus","BLR","World","WLD",2000,8646200000
"720","Belarus","BLR","World","WLD",2000,7331059000
"721","Cambodia","KHM","World","WLD",2000,1438774687
"722","Cambodia","KHM","World","WLD",2000,1389454739
"723","Cameroon","CMR","World","WLD",2000,1483629578
"724","Cameroon","CMR","World","WLD",2000,1822623715
"725","Canada","CAN","World","WLD",2000,240088243660
"726","Canada","CAN","World","WLD",2000,277419920540
"727","Canada","CAN","World","WLD",2000,18533532553
"728","Canada","CAN","World","WLD",2000,4538174189
"729","Cabo Verde","CPV","World","WLD",2000,237260889
"730","Cabo Verde","CPV","World","WLD",2000,49282564
"731","Cabo Verde","CPV","World","WLD",2000,38174411
"732","Sri Lanka","LKA","World","WLD",2000,6177815058
"733","Sri Lanka","LKA","World","WLD",2000,5337517843
"734","Sri Lanka","LKA","World","WLD",2000,134813218
"735","Chile","CHL","World","WLD",2000,16619725987
"736","Chile","CHL","World","WLD",2000,18214503759
"737","China","CHN","World","WLD",2000,225093731030
"738","China","CHN","World","WLD",2000,249202551015
"739","China","CHN","World","WLD",2000,7173103927
"740","Colombia","COL","World","WLD",2000,11757001451
"741","Colombia","COL","World","WLD",2000,13158400847
"742","Mayotte","MYT","World","WLD",2000,138722553
"743","Mayotte","MYT","World","WLD",2000,2754154
"744","Cook Isds","COK","World","WLD",2000,8907081
"745","Cook Isds","COK","World","WLD",2000,1586562
"746","Costa Rica","CRI","World","WLD",2000,6028858249
"747","Costa Rica","CRI","World","WLD",2000,5486878368
"748","Croatia","HRV","World","WLD",2000,7886511618
"749","Croatia","HRV","World","WLD",2000,4431597348
"750","Cuba","CUB","World","WLD",2000,4843261214
"751","Cuba","CUB","World","WLD",2000,1676061811
"752","Cyprus","CYP","World","WLD",2000,3846316785
"753","Cyprus","CYP","World","WLD",2000,980554638
"754","Cyprus","CYP","World","WLD",2000,565620944
"755","Cyprus","CYP","World","WLD",2000,1376602
"756","Czechia","CZE","World","WLD",2000,32242586506
"757","Czechia","CZE","World","WLD",2000,29052866787
"758","Benin","BEN","World","WLD",2000,547076221
"759","Benin","BEN","World","WLD",2000,189795148
"760","Denmark","DNK","World","WLD",2000,44533303695
"761","Denmark","DNK","World","WLD",2000,49102286748
"762","Dominica","DMA","World","WLD",2000,148167404
"763","Dominica","DMA","World","WLD",2000,53582548
"764","Dominica","DMA","World","WLD",2000,2645195
"765","Ecuador","ECU","World","WLD",2000,3445927694
"766","Ecuador","ECU","World","WLD",2000,4821869284
"767","El Salvador","SLV","World","WLD",2000,4947706935
"768","El Salvador","SLV","World","WLD",2000,2941306058
"769","Ethiopia","ETH","World","WLD",2000,1260492863
"770","Ethiopia","ETH","World","WLD",2000,482293687
"771","Estonia","EST","World","WLD",2000,5051531691
"772","Estonia","EST","World","WLD",2000,3829703514
"773","Estonia","EST","World","WLD",2000,1070844
"774","Faeroe Isds","FRO","World","WLD",2000,532820288
"775","Faeroe Isds","FRO","World","WLD",2000,476729053
"776","Fiji","FJI","World","WLD",2000,772274302
"777","Fiji","FJI","World","WLD",2000,465940021
"778","Finland","FIN","World","WLD",2000,33886398313
"779","Finland","FIN","World","WLD",2000,45474931211
"780","France","FRA","World","WLD",2000,303757850581
"781","France","FRA","World","WLD",2000,295345419474
"782","France","FRA","World","WLD",2000,3047473481
"783","French Polynesia","PYF","World","WLD",2000,976563653
"784","French Polynesia","PYF","World","WLD",2000,222528632
"785","Gabon","GAB","World","WLD",2000,951688753
"786","Gabon","GAB","World","WLD",2000,2601484084
"787","Georgia","GEO","World","WLD",2000,709376222
"788","Georgia","GEO","World","WLD",2000,322748680
"789","Germany","DEU","World","WLD",2000,500830026000
"790","Germany","DEU","World","WLD",2000,549606741000
"791","Greece","GRC","World","WLD",2000,29486860105
"792","Greece","GRC","World","WLD",2000,10847422723
"793","Greenland","GRL","World","WLD",2000,364494856
"794","Greenland","GRL","World","WLD",2000,271329233
"795","Grenada","GRD","World","WLD",2000,238790622
"796","Grenada","GRD","World","WLD",2000,75844014
"797","Grenada","GRD","World","WLD",2000,5223336
"798","Guatemala","GTM","World","WLD",2000,5167280841
"799","Guatemala","GTM","World","WLD",2000,2699033933
"800","Guinea","GIN","World","WLD",2000,616365050
"801","Guinea","GIN","World","WLD",2000,529465775
"802","Guyana","GUY","World","WLD",2000,573430525
"803","Guyana","GUY","World","WLD",2000,520409508
"804","Guyana","GUY","World","WLD",2000,2040567
"805","Honduras","HND","World","WLD",2000,2826107236
"806","Honduras","HND","World","WLD",2000,1358695476
"807","Honduras","HND","World","WLD",2000,197521323
"808","China, Hong Kong SAR","HKG","World","WLD",2000,214068411615
"809","China, Hong Kong SAR","HKG","World","WLD",2000,202710086414
"810","China, Hong Kong SAR","HKG","World","WLD",2000,179170251975
"811","Hungary","HUN","World","WLD",2000,32080002000
"812","Hungary","HUN","World","WLD",2000,28092242000
"813","Iceland","ISL","World","WLD",2000,2582983029
"814","Iceland","ISL","World","WLD",2000,1900881302
"815","Indonesia","IDN","World","WLD",2000,33514804833
"816","Indonesia","IDN","World","WLD",2000,62124006936
"817","Indonesia","IDN","World","WLD",2000,296462447
"818","Iran","IRN","World","WLD",2000,13626007038
"819","Iran","IRN","World","WLD",2000,2.8345e+10
"820","Ireland","IRL","World","WLD",2000,50648770771
"821","Ireland","IRL","World","WLD",2000,76261884998
"822","Israel","ISR","World","WLD",2000,35742024000
"823","Israel","ISR","World","WLD",2000,31407370000
"824","Italy","ITA","World","WLD",2000,238068541484
"825","Italy","ITA","World","WLD",2000,239931704039
"826","Côte d'Ivoire","CIV","World","WLD",2000,2484751717
"827","Côte d'Ivoire","CIV","World","WLD",2000,3611252483
"828","Jamaica","JAM","World","WLD",2000,3191649483
"829","Jamaica","JAM","World","WLD",2000,1307598876
"830","Jamaica","JAM","World","WLD",2000,39758541
"831","Japan","JPN","World","WLD",2000,379708376255
"832","Japan","JPN","World","WLD",2000,479275540084
"833","Kazakhstan","KAZ","World","WLD",2000,4987038900
"834","Kazakhstan","KAZ","World","WLD",2000,8679362200
"835","Jordan","JOR","World","WLD",2000,4538913120
"836","Jordan","JOR","World","WLD",2000,1897487755
"837","Jordan","JOR","World","WLD",2000,374581893
"838","Kenya","KEN","World","WLD",2000,2891517265
"839","Kenya","KEN","World","WLD",2000,1571043386
"840","Rep. of Korea","KOR","World","WLD",2000,160479262799
"841","Rep. of Korea","KOR","World","WLD",2000,172267495379
"842","Kyrgyzstan","KGZ","World","WLD",2000,554113511
"843","Kyrgyzstan","KGZ","World","WLD",2000,504489179
"844","Lebanon","LBN","World","WLD",2000,6226795136
"845","Lebanon","LBN","World","WLD",2000,714340424
"846","Latvia","LVA","World","WLD",2000,3190830191
"847","Latvia","LVA","World","WLD",2000,1869272919
"848","Lithuania","LTU","World","WLD",2000,5456480316
"849","Lithuania","LTU","World","WLD",2000,3809411167
"850","Luxembourg","LUX","World","WLD",2000,10592383579
"851","Luxembourg","LUX","World","WLD",2000,7876174863
"852","China, Macao SAR","MAC","World","WLD",2000,2625222775
"853","China, Macao SAR","MAC","World","WLD",2000,2539329767
"854","China, Macao SAR","MAC","World","WLD",2000,411134503
"855","China, Macao SAR","MAC","World","WLD",2000,370760479
"856","Madagascar","MDG","World","WLD",2000,990665147
"857","Madagascar","MDG","World","WLD",2000,861932001
"858","Madagascar","MDG","World","WLD",2000,161563254
"859","Malawi","MWI","World","WLD",2000,532072949
"860","Malawi","MWI","World","WLD",2000,379292364
"861","Malawi","MWI","World","WLD",2000,8953685
"862","Malaysia","MYS","World","WLD",2000,81957250044
"863","Malaysia","MYS","World","WLD",2000,98229725796
"864","Malaysia","MYS","World","WLD",2000,667732300
"865","Maldives","MDV","World","WLD",2000,388585928
"866","Maldives","MDV","World","WLD",2000,76195782
"867","Mali","MLI","World","WLD",2000,707498610
"868","Mali","MLI","World","WLD",2000,472920393
"869","Mali","MLI","World","WLD",2000,22377158
"870","Malta","MLT","World","WLD",2000,3399959136
"871","Malta","MLT","World","WLD",2000,2442762625
"872","Malta","MLT","World","WLD",2000,216181994
"873","Mauritania","MRT","World","WLD",2000,353643891
"874","Mauritania","MRT","World","WLD",2000,342806822
"875","Mauritius","MUS","World","WLD",2000,2082724336
"876","Mauritius","MUS","World","WLD",2000,1490666268
"877","Mexico","MEX","World","WLD",2000,174397202141
"878","Mexico","MEX","World","WLD",2000,166294339530
"879","Other Asia, nes",NA,"World","WLD",2000,139990983306
"880","Other Asia, nes",NA,"World","WLD",2000,148316104339
"881","Mongolia","MNG","World","WLD",2000,614507473
"882","Mongolia","MNG","World","WLD",2000,535600146
"883","Rep. of Moldova","MDA","World","WLD",2000,776993793
"884","Rep. of Moldova","MDA","World","WLD",2000,471534737
"885","Rep. of Moldova","MDA","World","WLD",2000,15263167
"886","Oman","OMN","World","WLD",2000,5039254818
"887","Oman","OMN","World","WLD",2000,11318065764
"888","Namibia","NAM","World","WLD",2000,1418673303
"889","Namibia","NAM","World","WLD",2000,1317274487
"890","Nepal","NPL","World","WLD",2000,1557922304
"891","Nepal","NPL","World","WLD",2000,708773952
"892","Netherlands","NLD","World","WLD",2000,198926887688
"893","Netherlands","NLD","World","WLD",2000,213424403533
"894","Aruba","ABW","World","WLD",2000,835229439
"895","Aruba","ABW","World","WLD",2000,172999090
"896","Vanuatu","VUT","World","WLD",2000,86738083
"897","Vanuatu","VUT","World","WLD",2000,23327961
"898","New Zealand","NZL","World","WLD",2000,13904403112
"899","New Zealand","NZL","World","WLD",2000,13297426423
"900","New Zealand","NZL","World","WLD",2000,524767195
"901","Nicaragua","NIC","World","WLD",2000,1720595943
"902","Nicaragua","NIC","World","WLD",2000,629351131
"903","Niger","NER","World","WLD",2000,325924521
"904","Niger","NER","World","WLD",2000,224038034
"905","Nigeria","NGA","World","WLD",2000,5817035398
"906","Nigeria","NGA","World","WLD",2000,27080017684
"907","Norway","NOR","World","WLD",2000,34351025300
"908","Norway","NOR","World","WLD",2000,59907536449
"909","Panama","PAN","World","WLD",2000,3404646360
"910","Panama","PAN","World","WLD",2000,779075431
"911","Panama","PAN","World","WLD",2000,51085150
"912","Paraguay","PRY","World","WLD",2000,2260213919
"913","Paraguay","PRY","World","WLD",2000,2200087905
"914","Peru","PER","World","WLD",2000,7414903057
"915","Peru","PER","World","WLD",2000,6322421097
"916","Philippines","PHL","World","WLD",2000,37007401766
"917","Philippines","PHL","World","WLD",2000,38078249794
"918","Poland","POL","World","WLD",2000,48127384000
"919","Poland","POL","World","WLD",2000,30955677000
"920","Portugal","PRT","World","WLD",2000,39878842403
"921","Portugal","PRT","World","WLD",2000,24327667762
"922","Qatar","QAT","World","WLD",2000,3252249600
"923","Qatar","QAT","World","WLD",2000,8846958592
"924","Qatar","QAT","World","WLD",2000,169540336
"925","Romania","ROU","World","WLD",2000,13054494720
"926","Romania","ROU","World","WLD",2000,10366522368
"927","Russian Federation","RUS","World","WLD",2000,33880091843
"928","Russian Federation","RUS","World","WLD",2000,103092748421
"929","Saint Kitts and Nevis","KNA","World","WLD",2000,195731485
"930","Saint Kitts and Nevis","KNA","World","WLD",2000,32579985
"931","Saint Kitts and Nevis","KNA","World","WLD",2000,3588498
"932","Saint Lucia","LCA","World","WLD",2000,355056465
"933","Saint Lucia","LCA","World","WLD",2000,43366634
"934","Saint Lucia","LCA","World","WLD",2000,4008227
"935","Saint Lucia","LCA","World","WLD",2000,3598
"936","Saint Vincent and the Grenadines","VCT","World","WLD",2000,161577642
"937","Saint Vincent and the Grenadines","VCT","World","WLD",2000,50590162
"938","Saint Vincent and the Grenadines","VCT","World","WLD",2000,7196638
"939","Sao Tome and Principe","STP","World","WLD",2000,29767743
"940","Sao Tome and Principe","STP","World","WLD",2000,2763645
"941","Saudi Arabia","SAU","World","WLD",2000,28398740298
"942","Saudi Arabia","SAU","World","WLD",2000,77204301305
"943","Saudi Arabia","SAU","World","WLD",2000,410336780
"944","Senegal","SEN","World","WLD",2000,1546910031
"945","Senegal","SEN","World","WLD",2000,693346787
"946","India","IND","World","WLD",2000,52940251405
"947","India","IND","World","WLD",2000,42358096158
"948","Singapore","SGP","World","WLD",2000,134545794204
"949","Singapore","SGP","World","WLD",2000,137805720273
"950","Slovakia","SVK","World","WLD",2000,12774126851
"951","Slovakia","SVK","World","WLD",2000,11884547516
"952","Viet Nam","VNM","World","WLD",2000,15636528000
"953","Viet Nam","VNM","World","WLD",2000,14482743000
"954","Slovenia","SVN","World","WLD",2000,10114677691
"955","Slovenia","SVN","World","WLD",2000,8732145119
"956","South Africa","ZAF","World","WLD",2000,26770731386
"957","South Africa","ZAF","World","WLD",2000,26297951898
"958","Zimbabwe","ZWE","World","WLD",2000,2016521465
"959","Zimbabwe","ZWE","World","WLD",2000,1607052525
"960","Zimbabwe","ZWE","World","WLD",2000,32029403
"961","Spain","ESP","World","WLD",2000,155962978686
"962","Spain","ESP","World","WLD",2000,114336007725
"963","Spain","ESP","World","WLD",2000,3466562414
"964","Spain","ESP","World","WLD",2000,228352260
"965","Fmr Sudan","SDN","World","WLD",2000,1657483018
"966","Fmr Sudan","SDN","World","WLD",2000,1898947145
"967","Fmr Sudan","SDN","World","WLD",2000,19481524
"968","Eswatini","SWZ","World","WLD",2000,1097226202
"969","Eswatini","SWZ","World","WLD",2000,889313066
"970","Sweden","SWE","World","WLD",2000,72766525029
"971","Sweden","SWE","World","WLD",2000,86937360869
"972","Switzerland","CHE","World","WLD",2000,93919141994
"973","Switzerland","CHE","World","WLD",2000,92386894676
"974","Tajikistan","TJK","World","WLD",2000,643966000
"975","Tajikistan","TJK","World","WLD",2000,692346000
"976","Thailand","THA","World","WLD",2000,61921361218
"977","Thailand","THA","World","WLD",2000,68818989570
"978","Thailand","THA","World","WLD",2000,738842902
"979","Togo","TGO","World","WLD",2000,323927531
"980","Togo","TGO","World","WLD",2000,191988850
"981","Trinidad and Tobago","TTO","World","WLD",2000,3308350120
"982","Trinidad and Tobago","TTO","World","WLD",2000,4273696871
"983","United Arab Emirates","ARE","World","WLD",2000,27192313655
"984","United Arab Emirates","ARE","World","WLD",2000,37719889281
"985","United Arab Emirates","ARE","World","WLD",2000,7105967253
"986","Tunisia","TUN","World","WLD",2000,8565540019
"987","Tunisia","TUN","World","WLD",2000,5850025809
"988","Turkey","TUR","World","WLD",2000,54149795284
"989","Turkey","TUR","World","WLD",2000,27485359097
"990","Turkmenistan","TKM","World","WLD",2000,1785540350
"991","Turkmenistan","TKM","World","WLD",2000,2505545544
"992","Uganda","UGA","World","WLD",2000,953923987
"993","Uganda","UGA","World","WLD",2000,402823507
"994","Uganda","UGA","World","WLD",2000,31290782
"995","Uganda","UGA","World","WLD",2000,62891
"996","North Macedonia","MKD","World","WLD",2000,2093872193
"997","North Macedonia","MKD","World","WLD",2000,1322617046
"998","United Kingdom","GBR","World","WLD",2000,374702690648
"999","United Kingdom","GBR","World","WLD",2000,294899046600
"1000","United Kingdom","GBR","World","WLD",2000,4462587498
"1001","United Rep. of Tanzania","TZA","World","WLD",2000,1612984833
"1002","United Rep. of Tanzania","TZA","World","WLD",2000,655840668
"1003","United Rep. of Tanzania","TZA","World","WLD",2000,99825443
"1004","USA","USA","World","WLD",2000,1217932974446
"1005","USA","USA","World","WLD",2000,781830672843
"1006","USA","USA","World","WLD",2000,68191490520
"1007","Burkina Faso","BFA","World","WLD",2000,723595863
"1008","Burkina Faso","BFA","World","WLD",2000,183912886
"1009","Uruguay","URY","World","WLD",2000,3465809103
"1010","Uruguay","URY","World","WLD",2000,2295400680
"1011","Venezuela","VEN","World","WLD",2000,14584193887
"1012","Venezuela","VEN","World","WLD",2000,30948109688
"1013","Serbia and Montenegro","SCG","World","WLD",2000,3710596000
"1014","Serbia and Montenegro","SCG","World","WLD",2000,1711074000
"1015","Albania","ALB","World","WLD",2001,1330631066
"1016","Albania","ALB","World","WLD",2001,304930699
"1017","Algeria","DZA","World","WLD",2001,9945719404
"1018","Algeria","DZA","World","WLD",2001,19147619190
"1019","Algeria","DZA","World","WLD",2001,1384891
"1020","Andorra","AND","World","WLD",2001,1042065997
"1021","Andorra","AND","World","WLD",2001,52421237
"1022","Azerbaijan","AZE","World","WLD",2001,1430877454
"1023","Azerbaijan","AZE","World","WLD",2001,2314282345
"1024","Argentina","ARG","World","WLD",2001,20321127098
"1025","Argentina","ARG","World","WLD",2001,26610055335
"1026","Australia","AUS","World","WLD",2001,64319977353
"1027","Australia","AUS","World","WLD",2001,63288188610
"1028","Australia","AUS","World","WLD",2001,236812269
"1029","Austria","AUT","World","WLD",2001,70491571059
"1030","Austria","AUT","World","WLD",2001,66492423852
"1031","Bahamas","BHS","World","WLD",2001,1927317261
"1032","Bahamas","BHS","World","WLD",2001,375881195
"1033","Bahamas","BHS","World","WLD",2001,147334004
"1034","Armenia","ARM","World","WLD",2001,837467564
"1035","Armenia","ARM","World","WLD",2001,335831375
"1036","Armenia","ARM","World","WLD",2001,123843736
"1037","Armenia","ARM","World","WLD",2001,3334225
"1038","Barbados","BRB","World","WLD",2001,1068112867
"1039","Barbados","BRB","World","WLD",2001,259339456
"1040","Barbados","BRB","World","WLD",2001,83008897
"1041","Belgium","BEL","World","WLD",2001,178697512388
"1042","Belgium","BEL","World","WLD",2001,190309486976
"1043","Bolivia (Plurinational State of)","BOL","World","WLD",2001,1707551640
"1044","Bolivia (Plurinational State of)","BOL","World","WLD",2001,1352893069
"1045","Botswana","BWA","World","WLD",2001,1810782920
"1046","Botswana","BWA","World","WLD",2001,2533037210
"1047","Brazil","BRA","World","WLD",2001,59684468395
"1048","Brazil","BRA","World","WLD",2001,58032294243
"1049","Brazil","BRA","World","WLD",2001,88441347
"1050","Belize","BLZ","World","WLD",2001,519539688
"1051","Belize","BLZ","World","WLD",2001,181888966
"1052","Bulgaria","BGR","World","WLD",2001,7278158957
"1053","Bulgaria","BGR","World","WLD",2001,5113888232
"1054","Myanmar","MMR","World","WLD",2001,2896279340
"1055","Belarus","BLR","World","WLD",2001,8286374600
"1056","Belarus","BLR","World","WLD",2001,7450644000
"1057","Cambodia","KHM","World","WLD",2001,1506907504
"1058","Cambodia","KHM","World","WLD",2001,1499274357
"1059","Cameroon","CMR","World","WLD",2001,1848351263
"1060","Cameroon","CMR","World","WLD",2001,1744966784
"1061","Canada","CAN","World","WLD",2001,221623728694
"1062","Canada","CAN","World","WLD",2001,261058774883
"1063","Canada","CAN","World","WLD",2001,18644216177
"1064","Canada","CAN","World","WLD",2001,4588398807
"1065","Cabo Verde","CPV","World","WLD",2001,247531264
"1066","Cabo Verde","CPV","World","WLD",2001,9754001
"1067","Sri Lanka","LKA","World","WLD",2001,5417779168
"1068","Sri Lanka","LKA","World","WLD",2001,4723871679
"1069","Sri Lanka","LKA","World","WLD",2001,85344425
"1070","Chile","CHL","World","WLD",2001,16136155354
"1071","Chile","CHL","World","WLD",2001,18745414508
"1072","China","CHN","World","WLD",2001,243552880618
"1073","China","CHN","World","WLD",2001,266098208590
"1074","China","CHN","World","WLD",2001,8765500050
"1075","Colombia","COL","World","WLD",2001,12820352186
"1076","Colombia","COL","World","WLD",2001,12301486486
"1077","Mayotte","MYT","World","WLD",2001,160118277
"1078","Mayotte","MYT","World","WLD",2001,3504403
"1079","Mayotte","MYT","World","WLD",2001,3406
"1080","Cook Isds","COK","World","WLD",2001,46879292
"1081","Cook Isds","COK","World","WLD",2001,6823828
"1082","Cook Isds","COK","World","WLD",2001,5161
"1083","Costa Rica","CRI","World","WLD",2001,6272271371
"1084","Costa Rica","CRI","World","WLD",2001,4715789488
"1085","Croatia","HRV","World","WLD",2001,9147129932
"1086","Croatia","HRV","World","WLD",2001,4665908208
"1087","Cuba","CUB","World","WLD",2001,4845781878
"1088","Cuba","CUB","World","WLD",2001,1664828512
"1089","Cyprus","CYP","World","WLD",2001,3924683234
"1090","Cyprus","CYP","World","WLD",2001,997160970
"1091","Cyprus","CYP","World","WLD",2001,591269793
"1092","Cyprus","CYP","World","WLD",2001,2140869
"1093","Czechia","CZE","World","WLD",2001,36476653549
"1094","Czechia","CZE","World","WLD",2001,33384210374
"1095","Benin","BEN","World","WLD",2001,601510182
"1096","Benin","BEN","World","WLD",2001,204165363
"1097","Denmark","DNK","World","WLD",2001,44625173798
"1098","Denmark","DNK","World","WLD",2001,50973842380
"1099","Dominica","DMA","World","WLD",2001,131050626
"1100","Dominica","DMA","World","WLD",2001,43396107
"1101","Dominica","DMA","World","WLD",2001,2038545
"1102","Dominican Rep.","DOM","World","WLD",2001,5496743936
"1103","Dominican Rep.","DOM","World","WLD",2001,814348992
"1104","Ecuador","ECU","World","WLD",2001,5362914097
"1105","Ecuador","ECU","World","WLD",2001,4647491551
"1106","Ecuador","ECU","World","WLD",2001,48263
"1107","El Salvador","SLV","World","WLD",2001,5026519683
"1108","El Salvador","SLV","World","WLD",2001,2863774313
"1109","Ethiopia","ETH","World","WLD",2001,1811180301
"1110","Ethiopia","ETH","World","WLD",2001,386374914
"1111","Estonia","EST","World","WLD",2001,5207843491
"1112","Estonia","EST","World","WLD",2001,3996831790
"1113","Estonia","EST","World","WLD",2001,1584843
"1114","Faeroe Isds","FRO","World","WLD",2001,499838537
"1115","Faeroe Isds","FRO","World","WLD",2001,521707282
"1116","Fiji","FJI","World","WLD",2001,737241741
"1117","Fiji","FJI","World","WLD",2001,460582117
"1118","Finland","FIN","World","WLD",2001,33267927177
"1119","Finland","FIN","World","WLD",2001,44300007648
"1120","France","FRA","World","WLD",2001,293865640535
"1121","France","FRA","World","WLD",2001,289599104778
"1122","France","FRA","World","WLD",2001,3218478535
"1123","French Polynesia","PYF","World","WLD",2001,1016677283
"1124","French Polynesia","PYF","World","WLD",2001,175563339
"1125","Gabon","GAB","World","WLD",2001,1001078714
"1126","Gabon","GAB","World","WLD",2001,2520872259
"1127","Georgia","GEO","World","WLD",2001,753227816
"1128","Georgia","GEO","World","WLD",2001,317636108
"1129","Germany","DEU","World","WLD",2001,486022068000
"1130","Germany","DEU","World","WLD",2001,571426720000
"1131","Greece","GRC","World","WLD",2001,28434455939
"1132","Greece","GRC","World","WLD",2001,10402391191
"1133","Greenland","GRL","World","WLD",2001,343889923
"1134","Greenland","GRL","World","WLD",2001,267738063
"1135","Grenada","GRD","World","WLD",2001,212155786
"1136","Grenada","GRD","World","WLD",2001,58638839
"1137","Grenada","GRD","World","WLD",2001,4595540
"1138","Guatemala","GTM","World","WLD",2001,5597373901
"1139","Guatemala","GTM","World","WLD",2001,2411677538
"1140","Guinea","GIN","World","WLD",2001,597420096
"1141","Guinea","GIN","World","WLD",2001,572781490
"1142","Guyana","GUY","World","WLD",2001,586479659
"1143","Guyana","GUY","World","WLD",2001,481230729
"1144","Guyana","GUY","World","WLD",2001,4179533
"1145","Honduras","HND","World","WLD",2001,2926704801
"1146","Honduras","HND","World","WLD",2001,1148561328
"1147","Honduras","HND","World","WLD",2001,165579005
"1148","China, Hong Kong SAR","HKG","World","WLD",2001,202008927992
"1149","China, Hong Kong SAR","HKG","World","WLD",2001,191067244191
"1150","China, Hong Kong SAR","HKG","World","WLD",2001,170794284680
"1151","Hungary","HUN","World","WLD",2001,33681734000
"1152","Hungary","HUN","World","WLD",2001,30497719000
"1153","Iceland","ISL","World","WLD",2001,2279336835
"1154","Iceland","ISL","World","WLD",2001,2017107901
"1155","Indonesia","IDN","World","WLD",2001,30962141083
"1156","Indonesia","IDN","World","WLD",2001,56316866700
"1157","Indonesia","IDN","World","WLD",2001,264756519
"1158","Iran","IRN","World","WLD",2001,16173077887
"1159","Iran","IRN","World","WLD",2001,2.3904e+10
"1160","Ireland","IRL","World","WLD",2001,51375643592
"1161","Ireland","IRL","World","WLD",2001,82972822110
"1162","Israel","ISR","World","WLD",2001,33303113000
"1163","Israel","ISR","World","WLD",2001,29061770000
"1164","Italy","ITA","World","WLD",2001,236126622376
"1165","Italy","ITA","World","WLD",2001,244252016495
"1166","Côte d'Ivoire","CIV","World","WLD",2001,2547863503
"1167","Côte d'Ivoire","CIV","World","WLD",2001,3649815674
"1168","Jamaica","JAM","World","WLD",2001,3402566396
"1169","Jamaica","JAM","World","WLD",2001,1223116443
"1170","Jamaica","JAM","World","WLD",2001,25926823
"1171","Japan","JPN","World","WLD",2001,349291914271
"1172","Japan","JPN","World","WLD",2001,403344076901
"1173","Kazakhstan","KAZ","World","WLD",2001,6280202000
"1174","Kazakhstan","KAZ","World","WLD",2001,8485515400
"1175","Jordan","JOR","World","WLD",2001,4871335641
"1176","Jordan","JOR","World","WLD",2001,2294435873
"1177","Jordan","JOR","World","WLD",2001,386975716
"1178","Kenya","KEN","World","WLD",2001,4007964729
"1179","Kenya","KEN","World","WLD",2001,1520119132
"1180","Rep. of Korea","KOR","World","WLD",2001,141097085957
"1181","Rep. of Korea","KOR","World","WLD",2001,150430885651
"1182","Kyrgyzstan","KGZ","World","WLD",2001,467244870
"1183","Kyrgyzstan","KGZ","World","WLD",2001,476151634
"1184","Lebanon","LBN","World","WLD",2001,7290372448
"1185","Lebanon","LBN","World","WLD",2001,889296930
"1186","Latvia","LVA","World","WLD",2001,3504416986
"1187","Latvia","LVA","World","WLD",2001,2000733101
"1188","Lithuania","LTU","World","WLD",2001,6353270743
"1189","Lithuania","LTU","World","WLD",2001,4583049510
"1190","Luxembourg","LUX","World","WLD",2001,11187657219
"1191","Luxembourg","LUX","World","WLD",2001,8259975150
"1192","China, Macao SAR","MAC","World","WLD",2001,2823500760
"1193","China, Macao SAR","MAC","World","WLD",2001,2299494836
"1194","China, Macao SAR","MAC","World","WLD",2001,416393664
"1195","China, Macao SAR","MAC","World","WLD",2001,437350456
"1196","Madagascar","MDG","World","WLD",2001,920189643
"1197","Madagascar","MDG","World","WLD",2001,947617720
"1198","Madagascar","MDG","World","WLD",2001,141648611
"1199","Malawi","MWI","World","WLD",2001,561593386
"1200","Malawi","MWI","World","WLD",2001,449409880
"1201","Malawi","MWI","World","WLD",2001,12495948
"1202","Malawi","MWI","World","WLD",2001,18760
"1203","Malaysia","MYS","World","WLD",2001,73846608845
"1204","Malaysia","MYS","World","WLD",2001,88004108096
"1205","Maldives","MDV","World","WLD",2001,387885184
"1206","Maldives","MDV","World","WLD",2001,76688392
"1207","Mali","MLI","World","WLD",2001,987956836
"1208","Mali","MLI","World","WLD",2001,712872539
"1209","Malta","MLT","World","WLD",2001,2725032393
"1210","Malta","MLT","World","WLD",2001,1758218235
"1211","Mauritania","MRT","World","WLD",2001,374066252
"1212","Mauritania","MRT","World","WLD",2001,346908751
"1213","Mauritius","MUS","World","WLD",2001,1994806239
"1214","Mauritius","MUS","World","WLD",2001,1588614446
"1215","Mauritius","MUS","World","WLD",2001,66646569
"1216","Mexico","MEX","World","WLD",2001,168376890806
"1217","Mexico","MEX","World","WLD",2001,158386216926
"1218","Other Asia, nes",NA,"World","WLD",2001,107228252983
"1219","Other Asia, nes",NA,"World","WLD",2001,122865858265
"1220","Mongolia","MNG","World","WLD",2001,630122420
"1221","Mongolia","MNG","World","WLD",2001,523223393
"1222","Rep. of Moldova","MDA","World","WLD",2001,892475652
"1223","Rep. of Moldova","MDA","World","WLD",2001,568126635
"1224","Rep. of Moldova","MDA","World","WLD",2001,18190271
"1225","Mozambique","MOZ","World","WLD",2001,1063107906
"1226","Mozambique","MOZ","World","WLD",2001,703133599
"1227","Oman","OMN","World","WLD",2001,5797973543
"1228","Oman","OMN","World","WLD",2001,11073950286
"1229","Namibia","NAM","World","WLD",2001,1500564135
"1230","Namibia","NAM","World","WLD",2001,1362661684
"1231","Netherlands","NLD","World","WLD",2001,195562207699
"1232","Netherlands","NLD","World","WLD",2001,216157868852
"1233","Aruba","ABW","World","WLD",2001,836234454
"1234","Aruba","ABW","World","WLD",2001,148856140
"1235","New Caledonia","NCL","World","WLD",2001,931673439
"1236","New Caledonia","NCL","World","WLD",2001,406977222
"1237","New Zealand","NZL","World","WLD",2001,13306946337
"1238","New Zealand","NZL","World","WLD",2001,13729685053
"1239","New Zealand","NZL","World","WLD",2001,459614664
"1240","Nicaragua","NIC","World","WLD",2001,1773378962
"1241","Nicaragua","NIC","World","WLD",2001,532239546
"1242","Niger","NER","World","WLD",2001,383748353
"1243","Niger","NER","World","WLD",2001,211268937
"1244","Nigeria","NGA","World","WLD",2001,7958202243
"1245","Nigeria","NGA","World","WLD",2001,18046400025
"1246","Norway","NOR","World","WLD",2001,32951419171
"1247","Norway","NOR","World","WLD",2001,59217129169
"1248","Panama","PAN","World","WLD",2001,2986386767
"1249","Panama","PAN","World","WLD",2001,809045459
"1250","Paraguay","PRY","World","WLD",2001,2181917183
"1251","Paraguay","PRY","World","WLD",2001,2356518656
"1252","Peru","PER","World","WLD",2001,7315939125
"1253","Peru","PER","World","WLD",2001,6825610607
"1254","Philippines","PHL","World","WLD",2001,34943391304
"1255","Philippines","PHL","World","WLD",2001,32150202592
"1256","Poland","POL","World","WLD",2001,49447434000
"1257","Poland","POL","World","WLD",2001,35367141000
"1258","Portugal","PRT","World","WLD",2001,39456360071
"1259","Portugal","PRT","World","WLD",2001,24086405739
"1260","Qatar","QAT","World","WLD",2001,3757831424
"1261","Qatar","QAT","World","WLD",2001,10705850368
"1262","Romania","ROU","World","WLD",2001,15551616000
"1263","Romania","ROU","World","WLD",2001,11384993792
"1264","Russian Federation","RUS","World","WLD",2001,41865361958
"1265","Russian Federation","RUS","World","WLD",2001,99868397027
"1266","Rwanda","RWA","World","WLD",2001,278683655
"1267","Rwanda","RWA","World","WLD",2001,186706562
"1268","Rwanda","RWA","World","WLD",2001,130669426
"1269","Saint Kitts and Nevis","KNA","World","WLD",2001,189071199
"1270","Saint Kitts and Nevis","KNA","World","WLD",2001,30949175
"1271","Saint Kitts and Nevis","KNA","World","WLD",2001,2410397
"1272","Saint Lucia","LCA","World","WLD",2001,275834024
"1273","Saint Lucia","LCA","World","WLD",2001,44809121
"1274","Saint Lucia","LCA","World","WLD",2001,4769412
"1275","Saint Vincent and the Grenadines","VCT","World","WLD",2001,186471804
"1276","Saint Vincent and the Grenadines","VCT","World","WLD",2001,44600752
"1277","Saint Vincent and the Grenadines","VCT","World","WLD",2001,5981552
"1278","Sao Tome and Principe","STP","World","WLD",2001,28525365
"1279","Sao Tome and Principe","STP","World","WLD",2001,2622666
"1280","Saudi Arabia","SAU","World","WLD",2001,29154366310
"1281","Saudi Arabia","SAU","World","WLD",2001,67674040859
"1282","Saudi Arabia","SAU","World","WLD",2001,855150402
"1283","Senegal","SEN","World","WLD",2001,1724459999
"1284","Senegal","SEN","World","WLD",2001,782404578
"1285","Seychelles","SYC","World","WLD",2001,476133362
"1286","Seychelles","SYC","World","WLD",2001,216156836
"1287","Seychelles","SYC","World","WLD",2001,63448358
"1288","India","IND","World","WLD",2001,50671105810
"1289","India","IND","World","WLD",2001,43878488724
"1290","Singapore","SGP","World","WLD",2001,116002509920
"1291","Singapore","SGP","World","WLD",2001,121753788784
"1292","Slovakia","SVK","World","WLD",2001,14769682306
"1293","Slovakia","SVK","World","WLD",2001,12635923084
"1294","Viet Nam","VNM","World","WLD",2001,16217930602
"1295","Viet Nam","VNM","World","WLD",2001,15029192447
"1296","Slovenia","SVN","World","WLD",2001,10146304376
"1297","Slovenia","SVN","World","WLD",2001,9252429928
"1298","South Africa","ZAF","World","WLD",2001,25595222834
"1299","South Africa","ZAF","World","WLD",2001,25997548577
"1300","Zimbabwe","ZWE","World","WLD",2001,1416477345
"1301","Zimbabwe","ZWE","World","WLD",2001,1120045146
"1302","Zimbabwe","ZWE","World","WLD",2001,3438285
"1303","Spain","ESP","World","WLD",2001,154992565305
"1304","Spain","ESP","World","WLD",2001,116148836649
"1305","Spain","ESP","World","WLD",2001,3020516748
"1306","Spain","ESP","World","WLD",2001,414224085
"1307","Fmr Sudan","SDN","World","WLD",2001,1949730397
"1308","Fmr Sudan","SDN","World","WLD",2001,1819744601
"1309","Fmr Sudan","SDN","World","WLD",2001,64632722
"1310","Eswatini","SWZ","World","WLD",2001,948817855
"1311","Eswatini","SWZ","World","WLD",2001,781588160
"1312","Eswatini","SWZ","World","WLD",2001,8942792
"1313","Sweden","SWE","World","WLD",2001,63536271623
"1314","Sweden","SWE","World","WLD",2001,76303316484
"1315","Switzerland","CHE","World","WLD",2001,95326742664
"1316","Switzerland","CHE","World","WLD",2001,93341284648
"1317","Syria","SYR","World","WLD",2001,18761324961
"1318","Syria","SYR","World","WLD",2001,20798641934
"1319","Thailand","THA","World","WLD",2001,61960580577
"1320","Thailand","THA","World","WLD",2001,64919225910
"1321","Thailand","THA","World","WLD",2001,1017005254
"1322","Togo","TGO","World","WLD",2001,354964440
"1323","Togo","TGO","World","WLD",2001,220245828
"1324","Trinidad and Tobago","TTO","World","WLD",2001,3938985342
"1325","Trinidad and Tobago","TTO","World","WLD",2001,5115437006
"1326","United Arab Emirates","ARE","World","WLD",2001,30544757668
"1327","United Arab Emirates","ARE","World","WLD",2001,32669157299
"1328","United Arab Emirates","ARE","World","WLD",2001,8562014831
"1329","Tunisia","TUN","World","WLD",2001,9526901548
"1330","Tunisia","TUN","World","WLD",2001,6608604992
"1331","Turkey","TUR","World","WLD",2001,41399079443
"1332","Turkey","TUR","World","WLD",2001,31333944395
"1333","Uganda","UGA","World","WLD",2001,1005478653
"1334","Uganda","UGA","World","WLD",2001,450527172
"1335","Uganda","UGA","World","WLD",2001,37274642
"1336","Uganda","UGA","World","WLD",2001,2401902
"1337","Ukraine","UKR","World","WLD",2001,15775092660
"1338","Ukraine","UKR","World","WLD",2001,16264734340
"1339","North Macedonia","MKD","World","WLD",2001,1687599755
"1340","North Macedonia","MKD","World","WLD",2001,1155068196
"1341","United Kingdom","GBR","World","WLD",2001,358702944795
"1342","United Kingdom","GBR","World","WLD",2001,279425458536
"1343","United Kingdom","GBR","World","WLD",2001,4921059144
"1344","United Rep. of Tanzania","TZA","World","WLD",2001,1728924816
"1345","United Rep. of Tanzania","TZA","World","WLD",2001,768322740
"1346","USA","USA","World","WLD",2001,1140900159185
"1347","USA","USA","World","WLD",2001,729080421077
"1348","USA","USA","World","WLD",2001,64778211655
"1349","Burkina Faso","BFA","World","WLD",2001,788427905
"1350","Burkina Faso","BFA","World","WLD",2001,188240936
"1351","Uruguay","URY","World","WLD",2001,3060842699
"1352","Uruguay","URY","World","WLD",2001,2057579754
"1353","Venezuela","VEN","World","WLD",2001,16435588338
"1354","Venezuela","VEN","World","WLD",2001,25304275826
"1355","Samoa","WSM","World","WLD",2001,136000192
"1356","Samoa","WSM","World","WLD",2001,62670364
"1357","Samoa","WSM","World","WLD",2001,70827
"1358","Serbia and Montenegro","SCG","World","WLD",2001,4837039151
"1359","Serbia and Montenegro","SCG","World","WLD",2001,1903293491
"1360","Azerbaijan","AZE","World","WLD",1997,794337920
"1361","Azerbaijan","AZE","World","WLD",1997,781308992
"1362","Bangladesh","BGD","World","WLD",1997,6784461253
"1363","Bangladesh","BGD","World","WLD",1997,4017455594
"1364","Barbados","BRB","World","WLD",1997,995204672
"1365","Barbados","BRB","World","WLD",1997,282927072
"1366","Barbados","BRB","World","WLD",1997,72463520
"1367","Bermuda","BMU","World","WLD",1997,587153344
"1368","Belize","BLZ","World","WLD",1997,286067639
"1369","Belize","BLZ","World","WLD",1997,176190657
"1370","Belize","BLZ","World","WLD",1997,17253303
"1371","Brunei Darussalam","BRN","World","WLD",1997,2110429184
"1372","Brunei Darussalam","BRN","World","WLD",1997,2657078784
"1373","Burundi","BDI","World","WLD",1997,120567432
"1374","Burundi","BDI","World","WLD",1997,68744928
"1375","Cameroon","CMR","World","WLD",1997,1496454528
"1376","Cameroon","CMR","World","WLD",1997,1859308416
"1377","Comoros","COM","World","WLD",1997,55029108
"1378","Comoros","COM","World","WLD",1997,5628310
"1379","Dominica","DMA","World","WLD",1997,133222512
"1380","Dominica","DMA","World","WLD",1997,51930356
"1381","Dominica","DMA","World","WLD",1997,942135
"1382","Dominican Rep.","DOM","World","WLD",1997,4763227648
"1383","Ethiopia","ETH","World","WLD",1997,1113276032
"1384","Ethiopia","ETH","World","WLD",1997,553974976
"1385","Georgia","GEO","World","WLD",1997,941717999
"1386","Georgia","GEO","World","WLD",1997,239786238
"1387","Ghana","GHA","World","WLD",1997,3352422912
"1388","Ghana","GHA","World","WLD",1997,1634695808
"1389","Ghana","GHA","World","WLD",1997,4561141
"1390","Kiribati","KIR","World","WLD",1997,38944756
"1391","Kiribati","KIR","World","WLD",1997,5112970
"1392","Kiribati","KIR","World","WLD",1997,893893
"1393","Grenada","GRD","World","WLD",1997,167667600
"1394","Grenada","GRD","World","WLD",1997,25964948
"1395","Grenada","GRD","World","WLD",1997,2298240
"1396","Guinea","GIN","World","WLD",1997,619702464
"1397","Guinea","GIN","World","WLD",1997,684462720
"1398","Guinea","GIN","World","WLD",1997,76911104
"1399","Côte d'Ivoire","CIV","World","WLD",1997,2750775808
"1400","Côte d'Ivoire","CIV","World","WLD",1997,4166296832
"1401","Jamaica","JAM","World","WLD",1997,3112902144
"1402","Jamaica","JAM","World","WLD",1997,1386105728
"1403","Jamaica","JAM","World","WLD",1997,32530168
"1404","Kazakhstan","KAZ","World","WLD",1997,4298612927
"1405","Kazakhstan","KAZ","World","WLD",1997,6486645811
"1406","Jordan","JOR","World","WLD",1997,3842759936
"1407","Jordan","JOR","World","WLD",1997,1576327936
"1408","Jordan","JOR","World","WLD",1997,287998848
"1409","Malawi","MWI","World","WLD",1997,541609828
"1410","Malawi","MWI","World","WLD",1997,15164072
"1411","Mali","MLI","World","WLD",1997,680801472
"1412","Mali","MLI","World","WLD",1997,302353152
"1413","Mali","MLI","World","WLD",1997,5364447
"1414","Other Asia, nes",NA,"World","WLD",1997,114363883520
"1415","Other Asia, nes",NA,"World","WLD",1997,122080378880
"1416","Other Asia, nes",NA,"World","WLD",1997,2096339968
"1417","Rep. of Moldova","MDA","World","WLD",1997,746783370
"1418","Rep. of Moldova","MDA","World","WLD",1997,567758895
"1419","Morocco","MAR","World","WLD",1997,7877528576
"1420","Morocco","MAR","World","WLD",1997,4674169856
"1421","Mozambique","MOZ","World","WLD",1997,760048567
"1422","Mozambique","MOZ","World","WLD",1997,229624775
"1423","Oman","OMN","World","WLD",1997,5025955328
"1424","Oman","OMN","World","WLD",1997,7630663168
"1425","Niger","NER","World","WLD",1997,345074112
"1426","Niger","NER","World","WLD",1997,329179712
"1427","Niger","NER","World","WLD",1997,145252192
"1428","Nigeria","NGA","World","WLD",1997,6363504760
"1429","Nigeria","NGA","World","WLD",1997,11163923370
"1430","Panama","PAN","World","WLD",1997,2991000320
"1431","Panama","PAN","World","WLD",1997,658051392
"1432","Paraguay","PRY","World","WLD",1997,3403352320
"1433","Paraguay","PRY","World","WLD",1997,1141002368
"1434","Peru","PER","World","WLD",1997,8558284288
"1435","Peru","PER","World","WLD",1997,6759378432
"1436","Philippines","PHL","World","WLD",1997,38580924416
"1437","Philippines","PHL","World","WLD",1997,25227692032
"1438","Rwanda","RWA","World","WLD",1997,285468864
"1439","Rwanda","RWA","World","WLD",1997,53827416
"1440","Saint Kitts and Nevis","KNA","World","WLD",1997,147167824
"1441","Saint Kitts and Nevis","KNA","World","WLD",1997,41072368
"1442","Saint Kitts and Nevis","KNA","World","WLD",1997,5492784
"1443","Saint Lucia","LCA","World","WLD",1997,332204000
"1444","Saint Lucia","LCA","World","WLD",1997,61250064
"1445","Saint Lucia","LCA","World","WLD",1997,4608871
"1446","Saint Vincent and the Grenadines","VCT","World","WLD",1997,182020336
"1447","Saint Vincent and the Grenadines","VCT","World","WLD",1997,46063944
"1448","Saint Vincent and the Grenadines","VCT","World","WLD",1997,3636701
"1449","Fmr Sudan","SDN","World","WLD",1997,1633988224
"1450","Fmr Sudan","SDN","World","WLD",1997,490447040
"1451","Fmr Sudan","SDN","World","WLD",1997,1796800
"1452","Thailand","THA","World","WLD",1997,62461686829
"1453","Thailand","THA","World","WLD",1997,58282513306
"1454","Thailand","THA","World","WLD",1997,196767019
"1455","Togo","TGO","World","WLD",1997,631696320
"1456","Togo","TGO","World","WLD",1997,348150816
"1457","Togo","TGO","World","WLD",1997,109721432
"1458","Trinidad and Tobago","TTO","World","WLD",1997,3059441408
"1459","Trinidad and Tobago","TTO","World","WLD",1997,2569609984
"1460","Trinidad and Tobago","TTO","World","WLD",1997,117048336
"1461","Tunisia","TUN","World","WLD",1997,7946986496
"1462","Tunisia","TUN","World","WLD",1997,5559370752
"1463","Turkmenistan","TKM","World","WLD",1997,1183429466
"1464","Turkmenistan","TKM","World","WLD",1997,751093563
"1465","Ukraine","UKR","World","WLD",1997,17124859904
"1466","Ukraine","UKR","World","WLD",1997,14217475072
"1467","Egypt","EGY","World","WLD",1997,13168464896
"1468","Egypt","EGY","World","WLD",1997,3907973888
"1469","Burkina Faso","BFA","World","WLD",1997,726500736
"1470","Burkina Faso","BFA","World","WLD",1997,224579392
"1471","Serbia and Montenegro","SCG","World","WLD",1997,4799141888
"1472","Serbia and Montenegro","SCG","World","WLD",1997,2367984896
"1473","Azerbaijan","AZE","World","WLD",1998,1076489216
"1474","Azerbaijan","AZE","World","WLD",1998,606149440
"1475","Bangladesh","BGD","World","WLD",1998,7017968265
"1476","Bangladesh","BGD","World","WLD",1998,5056914536
"1477","Barbados","BRB","World","WLD",1998,1022074176
"1478","Barbados","BRB","World","WLD",1998,258656240
"1479","Barbados","BRB","World","WLD",1998,63278856
"1480","Bhutan","BTN","World","WLD",1998,134496432
"1481","Bhutan","BTN","World","WLD",1998,108462968
"1482","Brunei Darussalam","BRN","World","WLD",1998,1565943110
"1483","Brunei Darussalam","BRN","World","WLD",1998,2306827830
"1484","Burundi","BDI","World","WLD",1998,162234928
"1485","Burundi","BDI","World","WLD",1998,86495760
"1486","Cameroon","CMR","World","WLD",1998,1495135419
"1487","Comoros","COM","World","WLD",1998,46949896
"1488","Comoros","COM","World","WLD",1998,3937605
"1489","Ethiopia","ETH","World","WLD",1998,1458664576
"1490","Ethiopia","ETH","World","WLD",1998,560282816
"1491","Ghana","GHA","World","WLD",1998,2911292416
"1492","Ghana","GHA","World","WLD",1998,1157985152
"1493","Kiribati","KIR","World","WLD",1998,32577468
"1494","Kiribati","KIR","World","WLD",1998,5543800
"1495","Grenada","GRD","World","WLD",1998,200001152
"1496","Grenada","GRD","World","WLD",1998,40593068
"1497","Grenada","GRD","World","WLD",1998,2862421
"1498","Côte d'Ivoire","CIV","World","WLD",1998,2999738880
"1499","Côte d'Ivoire","CIV","World","WLD",1998,4407409664
"1500","Malawi","MWI","World","WLD",1998,541072346
"1501","Malawi","MWI","World","WLD",1998,11103658
"1502","Other Asia, nes",NA,"World","WLD",1998,104652357632
"1503","Other Asia, nes",NA,"World","WLD",1998,112593829888
"1504","Other Asia, nes",NA,"World","WLD",1998,2011598080
"1505","Rep. of Moldova","MDA","World","WLD",1998,1023449920
"1506","Rep. of Moldova","MDA","World","WLD",1998,631815360
"1507","Rep. of Moldova","MDA","World","WLD",1998,31287374
"1508","Morocco","MAR","World","WLD",1998,10287315968
"1509","Morocco","MAR","World","WLD",1998,7155267072
"1510","Oman","OMN","World","WLD",1998,5681500672
"1511","Oman","OMN","World","WLD",1998,5518813696
"1512","Nigeria","NGA","World","WLD",1998,5764245504
"1513","Nigeria","NGA","World","WLD",1998,6868921344
"1514","Papua New Guinea","PNG","World","WLD",1998,1360059904
"1515","Papua New Guinea","PNG","World","WLD",1998,2460502528
"1516","Philippines","PHL","World","WLD",1998,31529863168
"1517","Philippines","PHL","World","WLD",1998,29496340480
"1518","Rwanda","RWA","World","WLD",1998,293061184
"1519","Rwanda","RWA","World","WLD",1998,39463932
"1520","Saint Lucia","LCA","World","WLD",1998,328167360
"1521","Saint Lucia","LCA","World","WLD",1998,53812920
"1522","Saint Lucia","LCA","World","WLD",1998,1695722
"1523","Saudi Arabia","SAU","World","WLD",1998,30012264448
"1524","Saudi Arabia","SAU","World","WLD",1998,39806951424
"1525","Saudi Arabia","SAU","World","WLD",1998,479098720
"1526","Fmr Sudan","SDN","World","WLD",1998,2058598784
"1527","Fmr Sudan","SDN","World","WLD",1998,534651712
"1528","Fmr Sudan","SDN","World","WLD",1998,33201732
"1529","Thailand","THA","World","WLD",1998,42370057556
"1530","Thailand","THA","World","WLD",1998,53583494946
"1531","Trinidad and Tobago","TTO","World","WLD",1998,3011492608
"1532","Trinidad and Tobago","TTO","World","WLD",1998,2263757312
"1533","Tunisia","TUN","World","WLD",1998,8347290112
"1534","Tunisia","TUN","World","WLD",1998,5737912832
"1535","Turkmenistan","TKM","World","WLD",1998,1007479556
"1536","Turkmenistan","TKM","World","WLD",1998,593857678
"1537","Ukraine","UKR","World","WLD",1998,14675974144
"1538","Ukraine","UKR","World","WLD",1998,12637410304
"1539","Egypt","EGY","World","WLD",1998,16478605312
"1540","Egypt","EGY","World","WLD",1998,3195258880
"1541","Burkina Faso","BFA","World","WLD",1998,796083663
"1542","Burkina Faso","BFA","World","WLD",1998,246703686
"1543","Serbia and Montenegro","SCG","World","WLD",1998,4849333760
"1544","Serbia and Montenegro","SCG","World","WLD",1998,2858166016
"1545","Barbados","BRB","World","WLD",1999,1067336896
"1546","Barbados","BRB","World","WLD",1999,250723520
"1547","Barbados","BRB","World","WLD",1999,54189888
"1548","Burundi","BDI","World","WLD",1999,131972128
"1549","Burundi","BDI","World","WLD",1999,62412896
"1550","Cameroon","CMR","World","WLD",1999,1315739392
"1551","Comoros","COM","World","WLD",1999,79851136
"1552","Comoros","COM","World","WLD",1999,4652278
"1553","Ethiopia","ETH","World","WLD",1999,1385755264
"1554","Ethiopia","ETH","World","WLD",1999,448578976
"1555","Ghana","GHA","World","WLD",1999,3003758336
"1556","Ghana","GHA","World","WLD",1999,1269734144
"1557","Kiribati","KIR","World","WLD",1999,40968212
"1558","Kiribati","KIR","World","WLD",1999,9077401
"1559","Kiribati","KIR","World","WLD",1999,670826
"1560","Grenada","GRD","World","WLD",1999,202215440
"1561","Grenada","GRD","World","WLD",1999,36320656
"1562","Grenada","GRD","World","WLD",1999,3615614
"1563","Côte d'Ivoire","CIV","World","WLD",1999,2897644544
"1564","Côte d'Ivoire","CIV","World","WLD",1999,4313840640
"1565","Kazakhstan","KAZ","World","WLD",1999,3639171771
"1566","Kazakhstan","KAZ","World","WLD",1999,5871274796
"1567","Other Asia, nes",NA,"World","WLD",1999,110946459648
"1568","Other Asia, nes",NA,"World","WLD",1999,121495887872
"1569","Other Asia, nes",NA,"World","WLD",1999,2100722816
"1570","Rep. of Moldova","MDA","World","WLD",1999,586569984
"1571","Rep. of Moldova","MDA","World","WLD",1999,464166496
"1572","Rep. of Moldova","MDA","World","WLD",1999,36045136
"1573","Morocco","MAR","World","WLD",1999,10787588096
"1574","Morocco","MAR","World","WLD",1999,7502914560
"1575","Oman","OMN","World","WLD",1999,4673690112
"1576","Oman","OMN","World","WLD",1999,7230925824
"1577","New Caledonia","NCL","World","WLD",1999,1008075264
"1578","New Caledonia","NCL","World","WLD",1999,394798912
"1579","Philippines","PHL","World","WLD",1999,32568125440
"1580","Philippines","PHL","World","WLD",1999,35036880896
"1581","Rwanda","RWA","World","WLD",1999,251019696
"1582","Rwanda","RWA","World","WLD",1999,56589024
"1583","Saint Lucia","LCA","World","WLD",1999,354544192
"1584","Saint Lucia","LCA","World","WLD",1999,55678468
"1585","Saint Lucia","LCA","World","WLD",1999,3709323
"1586","Suriname","SUR","World","WLD",1999,505790016
"1587","Suriname","SUR","World","WLD",1999,355840992
"1588","Tunisia","TUN","World","WLD",1999,8336881152
"1589","Tunisia","TUN","World","WLD",1999,5788034048
"1590","Ukraine","UKR","World","WLD",1999,11846114304
"1591","Ukraine","UKR","World","WLD",1999,11581572096
"1592","Egypt","EGY","World","WLD",1999,15962046464
"1593","Egypt","EGY","World","WLD",1999,3500898560
"1594","Burkina Faso","BFA","World","WLD",1999,781773730
"1595","Burkina Faso","BFA","World","WLD",1999,236441245
"1596","Serbia and Montenegro","SCG","World","WLD",1999,3295209984
"1597","Serbia and Montenegro","SCG","World","WLD",1999,1497405056
"1598","Bahrain","BHR","World","WLD",2000,4633587880
"1599","Bahrain","BHR","World","WLD",2000,6194679351
"1600","Bahrain","BHR","World","WLD",2000,81694461
"1601","Bangladesh","BGD","World","WLD",2000,7611261550
"1602","Bangladesh","BGD","World","WLD",2000,5493226431
"1603","Burundi","BDI","World","WLD",2000,150219354
"1604","Burundi","BDI","World","WLD",2000,42854751
"1605","Central African Rep.","CAF","World","WLD",2000,71044851
"1606","Central African Rep.","CAF","World","WLD",2000,80096695
"1607","Comoros","COM","World","WLD",2000,36281201
"1608","Comoros","COM","World","WLD",2000,7179964
"1609","Gambia","GMB","World","WLD",2000,190383308
"1610","Gambia","GMB","World","WLD",2000,16130301
"1611","Gambia","GMB","World","WLD",2000,1758419
"1612","Ghana","GHA","World","WLD",2000,2900560530
"1613","Ghana","GHA","World","WLD",2000,1574112997
"1614","Kuwait","KWT","World","WLD",2000,7156496202
"1615","Kuwait","KWT","World","WLD",2000,19399475513
"1616","Kuwait","KWT","World","WLD",2000,208658103
"1617","Lesotho","LSO","World","WLD",2000,613297962
"1618","Lesotho","LSO","World","WLD",2000,336165165
"1619","Montserrat","MSR","World","WLD",2000,21610662
"1620","Montserrat","MSR","World","WLD",2000,1118132
"1621","Montserrat","MSR","World","WLD",2000,1109185
"1622","Morocco","MAR","World","WLD",2000,11533382656
"1623","Morocco","MAR","World","WLD",2000,7431840768
"1624","Mozambique","MOZ","World","WLD",2000,1162278102
"1625","Mozambique","MOZ","World","WLD",2000,363962000
"1626","New Caledonia","NCL","World","WLD",2000,1017362240
"1627","New Caledonia","NCL","World","WLD",2000,635477184
"1628","Papua New Guinea","PNG","World","WLD",2000,1036267542
"1629","Papua New Guinea","PNG","World","WLD",2000,2407341257
"1630","Anguilla","AIA","World","WLD",2000,94514171
"1631","Anguilla","AIA","World","WLD",2000,4001297
"1632","Seychelles","SYC","World","WLD",2000,342441262
"1633","Seychelles","SYC","World","WLD",2000,193679154
"1634","Seychelles","SYC","World","WLD",2000,64315256
"1635","Sierra Leone","SLE","World","WLD",2000,151688951
"1636","Sierra Leone","SLE","World","WLD",2000,13032829
"1637","Sierra Leone","SLE","World","WLD",2000,978674
"1638","Suriname","SUR","World","WLD",2000,526447788
"1639","Suriname","SUR","World","WLD",2000,506975642
"1640","Suriname","SUR","World","WLD",2000,25854606
"1641","Tonga","TON","World","WLD",2000,69463560
"1642","Tonga","TON","World","WLD",2000,8901497
"1643","Tonga","TON","World","WLD",2000,194261
"1644","Turks and Caicos Isds","TCA","World","WLD",2000,148673146
"1645","Turks and Caicos Isds","TCA","World","WLD",2000,8844263
"1646","Turks and Caicos Isds","TCA","World","WLD",2000,24876
"1647","Ukraine","UKR","World","WLD",2000,13956027190
"1648","Ukraine","UKR","World","WLD",2000,14572550140
"1649","Egypt","EGY","World","WLD",2000,13963711320
"1650","Egypt","EGY","World","WLD",2000,4693494106
"1651","Wallis and Futuna Isds","WLF","World","WLD",2000,36792886
"1652","Zambia","ZMB","World","WLD",2000,923299706
"1653","Zambia","ZMB","World","WLD",2000,887567095
"1654","Bahrain","BHR","World","WLD",2001,4296168301
"1655","Bahrain","BHR","World","WLD",2001,5551309153
"1656","Bahrain","BHR","World","WLD",2001,51536009
"1657","Bangladesh","BGD","World","WLD",2001,8041198469
"1658","Bangladesh","BGD","World","WLD",2001,5388747139
"1659","Brunei Darussalam","BRN","World","WLD",2001,1100281204
"1660","Brunei Darussalam","BRN","World","WLD",2001,3508207394
"1661","Brunei Darussalam","BRN","World","WLD",2001,219559831
"1662","Burundi","BDI","World","WLD",2001,138898120
"1663","Burundi","BDI","World","WLD",2001,42155840
"1664","Central African Rep.","CAF","World","WLD",2001,67981924
"1665","Central African Rep.","CAF","World","WLD",2001,74406870
"1666","Comoros","COM","World","WLD",2001,35137014
"1667","Comoros","COM","World","WLD",2001,7687386
"1668","Comoros","COM","World","WLD",2001,3989
"1669","Gambia","GMB","World","WLD",2001,133520966
"1670","Gambia","GMB","World","WLD",2001,8920474
"1671","Gambia","GMB","World","WLD",2001,2980671
"1672","Ghana","GHA","World","WLD",2001,3153813464
"1673","Ghana","GHA","World","WLD",2001,1038374515
"1674","Kuwait","KWT","World","WLD",2001,7869465038
"1675","Kuwait","KWT","World","WLD",2001,16164756731
"1676","Kuwait","KWT","World","WLD",2001,207248038
"1677","Lesotho","LSO","World","WLD",2001,598231303
"1678","Lesotho","LSO","World","WLD",2001,279594271
"1679","Montserrat","MSR","World","WLD",2001,19372737
"1680","Montserrat","MSR","World","WLD",2001,722396
"1681","Montserrat","MSR","World","WLD",2001,720435
"1682","Morocco","MAR","World","WLD",2001,11036685312
"1683","Morocco","MAR","World","WLD",2001,7144078848
"1684","Papua New Guinea","PNG","World","WLD",2001,1309488311
"1685","Papua New Guinea","PNG","World","WLD",2001,1804723773
"1686","Anguilla","AIA","World","WLD",2001,77704660
"1687","Anguilla","AIA","World","WLD",2001,3200931
"1688","Suriname","SUR","World","WLD",2001,456560895
"1689","Suriname","SUR","World","WLD",2001,395746062
"1690","Suriname","SUR","World","WLD",2001,23026150
"1691","Tonga","TON","World","WLD",2001,72657478
"1692","Tonga","TON","World","WLD",2001,6762113
"1693","Tonga","TON","World","WLD",2001,136596
"1694","Turks and Caicos Isds","TCA","World","WLD",2001,156808733
"1695","Turks and Caicos Isds","TCA","World","WLD",2001,7285904
"1696","Turks and Caicos Isds","TCA","World","WLD",2001,198780
"1697","Tuvalu","TUV","World","WLD",2001,3509661
"1698","Egypt","EGY","World","WLD",2001,12720437112
"1699","Egypt","EGY","World","WLD",2001,4140826361
"1700","Wallis and Futuna Isds","WLF","World","WLD",2001,32586898
"1701","Zambia","ZMB","World","WLD",2001,1090033774
"1702","Zambia","ZMB","World","WLD",2001,1015759028
